"","AACCAATGGCCTCCTGAATGTGCGTTGCACTCTTGGGATTTCCTGAGAGTATGTCTGCTTCAGTGCTTAACTTGCCCCAACTTTGCAAGCAGGATGTGTTTCTGCCTTGCGTTCGTATGAGCTGTTGCCCTCTGAGCCAATGGCTTGTTAATTGCTTGGTTCTTGCAAAATGCTTTGCGTGCTGTTATTCAAGTTTCTACCTTCGCGGTTTTACTTGAGTGATGCTGCTCATGCTTGCAACCGCTGGGATGCAGGTGCATGCCTCTAGCATGAAGTCAGACAAGTGAACCCGCTGAATTT","AACCAATGGCCTCCTGAACGTGCGTTGCACTCTTGGGATTTCCTGAGAGTATGTCTGCTTCAGTGCTTAACTTGCCCCAACTTTGCAAGCAGGATGTGTTTCTGCCTTGCGTTCTTATGAGCTATTGCCCTCTGAGCCAATGGCTTGTTAATTGCTTGGTTCTTGCAAAATGCTTTGCGCGCTGTTATTCAAGTTTCTACCTTCGTGGTTTTACTTGAGTGACGCTGCTCATGCTTGCAACCGCTGGGATGCAGGTGCATGCCTCTAGCATGAAGTCAGACAAGTGAACCCGCTGAATTT","AACCAGTGGCCTCCTGAATGTGCGTTGCACTCTTGGGATTTCCTGAGAGTATGTCTGCTTCAGTGCTTAACTTGCCCCAACTTTGCAAGCAGGATGTGTTTCTGCCTTGCGTTCGTATGAGCTGTTGCCCTCTGAGCCAATGGCTTGTTAATTGCTTGGTTCTTGCAAAATGCTTTGCGCGCTGTTATTCAAGTTTCTGCCTTCGCGGTTTTACTTGAGTGATGCTGCTCATGCTTGCAACCGCTGGGATGCAGGTGCATGCCTCTAGCATGAAGTCAGACAAGTGAACCCGCTGAATTT","AACCAATGGCCTCCTGAATGTGCGTTGCACTCTTGGGATTTCCTGAGAGTATGTCTGCTTCAGTGCTTAACTTGCCCCAACTTTGCAAGCAGGATGTGTTTCTGCCTTGCGTTCGTATGAGCTGTTGCCCTCTGAGCCAATGGCTTGTTAATTGCTTGGTTCTTGCAAAATGCTTTGCGCGCTGTTATTCAAGTTTCTACCTTCGCGGTTTTACTTGAGTGATGCTGCTCATGCTTGCAACCGCTGGGATGCAGGTGCATGCCTCTAGCATGAAGTCAGACAAGTGAACCCGCTGAATTT","AACCAATGGCCTCCTGAATGTGCGTTGCACTCTTGGGATTTCCTGAGGGTATGTCTGCTTCAGTGCTTAACTTGCCCCAACTTTGCAAGCAGGATGTGTTTCTGCCTTGCGTTCGTATGAGCTGTTGCCCTCTGAGCCAATGGCTTGTTAATTGCTTGGTTCTTGCAAAATGCTTTGCGTGCTGTTATTCAAGTTTCTACCTTCGCGGTTTTACTTGAGTGATGCTGCTCATGCTTGCAACCGCTGGGATGCAGGTGCATGCCTCTAGCATGAAGTCAGACAAGTGAACCCGCTGAATTT","AACCAATGGCCTCCTGAATGTGCGTTGCACTCTTGGGATTTCCTGAGAGTATGTCTGCTTCAGTGCTTAACTTGCCCCAACTTTGCAAGCAGGATGTGTTTCTGCCTTGCGTTTGTATGAGCTGTTGCCCTCTGAGCCAATGGCTTGTTAATTGCTTGGTTCTTGCAAAATGCTTTGCGTGCTGTTATTCAAGTTTCTACCTTCGCGGTTTTACTTGAGTGATGCTGCTCATGCTTGCAACCGCTGGGATGCAGGTGCATGCCTCTAGCATGAAGTCAGACAAGTGAACCCGCTGAATTT","AACCAATGGCCTCTTGAACGTGCATTGCGCTCTTGGGATATGCCTGAGAGCATGTCTGCTTCAGTGCTTCTACTTTCATTTTCTGCTGCTCTTGTTATCAGGAGCAGTGTTGCTGCATGCTTCTGCAAGTGGCACTGGCATGCTAAATATCAAGTTTTGCTTGCTGTTGTGACTGATCAACATCTCATGTCGTTTCAGTTGGCGAAACAAAAGCTCATGTGTGTTCTTAACACTTCCTAGCATGAAGTCAGACAAGTGAACCCGCCGAATTT","AACCAATGGCCTCCTGAATGTGCGTTGCACTCTTGGGATTTCCTGAGAGTATGTCTGCTTCAGTGCTTAACTTGCCCCAACTTTGCAAGCAGGATGTGTTTCTGCCTTGCGTTCGTATGAGCTGTTGCCCTCTGAGCCAATGGCTTGTTAATTGCTTGGTTCTTGCAAAATGCTTTGCGCGCTGTTATTCAAGTTTCTACCTTCGTGGTTTTACTTGAGTGATGCTGCTCATGCTTGCAACCGCTGGGATGCAGGTGCATGCCTCTAGCATGAAGTCAGACAAGTGAACCCGCTGAATTT","AACCAATGGCCTCCTGAATGTGCGTTGCACTCTTGGGATTTCCTGAGAGTATGTCTGCTTCAGTGCTTAACTTACCCCAACTTTGCAAGCAGGATGTGTTTCTGCCTTGCGTTCGTATGAGCTGTTGCCCTCTGAGCCAATGGCTTGTTAATTGCTTGGTTCTTGCAAAATGCTTTGCGTGCTGTTATTCAAGTTTCTACCTTCGCGGTTTTACTTGAGTGATGCTGCTCATGCTTGCAACCGCTGGGATGCAGGTGCATGCCTCTAGCATGAAGTCAGACAAGTGAACCCGCTGAATTT","AATCAATGGCCTCCTGAATGTGCGTTGCACTCTTGGGATTTCCTGAGAGTATGTCTGCTTCAGTGCTTAACTTGCCCCAACTTTGCAAGCAGGATGTGTTTCTGCCTTGCGTTCGTATGAGCTGTTGCCCTCTGAGCCAATGGCTTGTTAATTGCTTGGTTCTTGCAAAATGCTTTGCGTGCTGTTATTCAAGTTTCTACCTTCGCGGTTTTACTTGAGTGATGCTGCTCATGCTTGCAACCGCTGGGATGCAGGTGCATGCCTCTAGCATGAAGTCAGACAAGTGAACCCGCTGAATTT","AATCAATGGCCTCCTGAATGTGCGTTGCACTCTTGGGATTTCCTGAGAGTATGTCTGCTTCAGTGCTTAACTTGCCCCAACTTTGCAAGCAGGATGTGTTTCTGCCTTGCGTTCGTATGAGCTGTTGCCCTCTGAGCCAATGGCTTGTTAATTGCTTGGTTCTTGCAAAATGCTTTGCGCGCTGTTATTCAAGTTTCTACCTTCGCGGTTTTACTTGAGTGATGCTGCTCATGCTTGCAACCGCTGGGATGCAGGTGCATGCCTCTAGCATGAAGTCAGACAAGTGAACCCGCTGAATTT","AACCAATGGCTTCGTGAACGTGCGTTGCACTCTTGGGATTTCCTGAGAGTATGTCTGCTTCAGTGCTTAACTTGCCCCAACTTTGCAAGCATTTCTGCCTTGCGTTCTTATGAGCTATTGCCCTCTGAGCCAATGGCTTGTTAATTGCTTGGTTCTTGCAAAATGCTTTGCGCGCTGTTATTCAAGTTTCTACCTTCGTGGTTTTACTTGAGTGACGCTGCTCATGCTTGCAACCGCTGGGATGCAGGTGCATGCCTCTAGCATGAAGTCAGACAAGTGAACCCGCTGAATTT","AACCAATGGCCTCCTGAATGTGCGTTGCACTCTTGGGATTTCCTGAGAGTATGTCTGCTTCAGTGCTTAACTTGCCCCAACTTTGCAAGCAGGATGTGTTTCTGCCTTGCGTTCGTATGAGCTGTTGCCCTCTGAGCCAATGGCTTGTTAATTGCTTGGTTCTTGCAAAATGCTTTGCGTGCTGTTATTCAAGTTTCTACCTTCGCGGTTTTACTTGAGTGATGCCGCTCATGCTTGCAACCGCTGGGATGCAGGTGCATGCCTCTAGCATGAAGTCAGACAAGTGAACCCGCTGAATTT","AACCAATGGCCTCCTGAATGTGCGTTGCACTCTTGGGATTTCCTGAGAGTATGTCTGCTTCAGTGCTTAACTTGCCCCAACTTTGCAAGCAGGATGTGTTTCTGCCTTGCGTTCGTATGAGCTGTTGCCCTCTGAGCCAATGGCTTGTTAATTGCTTGGTTCTTGCAAAATGCTTTGCGCGCTGTTATTCAAGTTTCTACCTTCGCGGTTTTACTTGAGTGATGCTGCTCATGCTTGCAACTGCTGGGATGCAGGTGCATGCCTCTAGCATGAAGTCAGACAAGTGAACCCGCTGAATTT","AACCAGTGGCCTCCTGAATGTGCGTTGCACTCTTGGGATTTCCTGAGAGTATGTCTGCTTCAGTGCTTAACTTGCCCCACCTTTGCAAGCAGGATGTGTTTCTGCCTTGCGTTCGTATGAGCTGTTGCCCTCTGAGCCAATGGCTTGTTAATTGCTTGGTTCTTGCAAAATGCTTTGCGCGCTGTTATTCAAGTTTCTGCCTTCGCGGTTTTACTTGAGTGATGCTGCTCATGCTTGCAACCGCTGGGATGCAGGTGCATGCCTCTAGCATGAAGTCAGACAAGTGAACCCGCTGAATTT","AACCAATGGCCTCCTGAATGTGCGTTGCACTCTTGGGATTTCCTGAGAGTCTGTCTGCTTCAGTGCTTAACTTGCCCCAACTTTGCAAGCAGGATGTGTTTCTGCCTTGCGTTCGTATGAGCTGTTGCCCTCTGAGCCAATGGCTTGTTAATTGCTTGGTTCTTGCAAAATGCTTTGCGTGCTGTTATTCAAGTTTCTACCTTCGCGGTTTTACTTGAGTGATGCTGCTCATGCTTGCAACCGCTGGGATGCAGGTGCATGCCTCTAGCATGAAGTCAGACAAGTGAACCCGCTGAATTT","AACCAATGGCCTCCTGAATGTGCGTTGCACTCTTGGGATTTCCTGAGAGTATGTCTGCTTCAGTGCTTAACTTGCCCCAACTTTGCAAGCAGGATGTGTTTCTGCCTTGCGTTTGTATGAGCTGTTGCCCTCTGAGCCAATGGCTTGTTAATTGCTTGGTTCTTGCAAAATGCTTTGCGTTCTGTTATTCAAGTTTCTACCTTCGCGGTTTTACTTGAGTGATGCTGCTCATGCTTGCAACCGCTGGGATGCAGGTGCATGCCTCTAGCATGAAGTCAGACAAGTGAACCCGCTGAATTT","AACCAATGGCCTCCTGAACGTGCGTTGCACTCTTGGGATTTCCTGAGAGTATGTCTATTTCAGTGCTTAACTTGCCCCAACTTTGCAAGCAGGATGTGTTTCTGCCTTGCGTTCTTATGAGCTATTGCCCTCTGAGCCAATGGCTTGTTAATTGCTTGGTTCTTGCAAAATGCTTTGCGCGCTGTTATTCAAGTTTCTACCTTCGTGGTTTTACTTGAGTGACGCTGCTCATGCTTGCAACCGCTGGGATGCAGGTGTATGCCTCTAGCATGAAGTCAGACAAGTGAACCCGCTGAATTT","CACCAATGGCCTCCTGAATGTGCGTTGCACTCTTGGGATTTCCTGAGAGTATGTCTGCTTCAGTGCTTAACTTGCCACAACTTTGCAAGCAGGATGTGTTTCTGCCTTGCGTTCGTATGAGCTGTTGCCCTCTGAGCCAATGGCTTGTTAATTGCTTGGTTCTTGCAAAATGCTTTGCGTGCTGTTATTCAAGTTTCTACCTTCGCGGTTTTACTTGAGTGATGCTGCTCATGCTTGCAACCGCTGGGATGCAGGTGCATGCCTCTAGCATGAAGTCAGACAAGTGAACCCGCTGAATTT","AACCAATGGCCTCCTGAATGTGCGTTGCACTCTTGGGATTTCCTGAGAGTATGTCTGCTTCAGTGCTTAACTTGCCCCAACTTTGCAAGCAGGATGTGTTTCTGCCTTGCGTTCGTATGAGCTGTTGCCCTCTGAGCCAATGGCTTGTTAATTGCTTGGTTCTTGCAAAATGCTTTGCGCGCTGTTATTCAAGTTTCTACCTTCGCGGTTTTACTTGAGTGATGCTGCTCATGCTTGCAACCGCTGGGATGCAGGTGCATGCCTCTAGCATGAAGTCAGACAAGTGAACCCGCTGACTTT","AACCAGTGGCCTCCTGAATGTGCGTTGCACTCTTGGGATTTCCTGAGAGTATGTCTGCTTCAGTGCTTAACTTGCCCCAACTTTGCAAGCAGGATGTGTTTCTGCCTTGCGTTCGTATGAGCTGTTGCCCTCTGAGCCAATGGCTTGTTAATTGCTTGGTTCTTGCAAAATGCTTTGCGCGCTGTTATTCAAGTTTCTGCCTTCGCGGTTTTACTTGAGTGATGCTGCTCATGCTTGCAACCGCTGGGATGCAGGTGCATGCCTCTAGCATATTT","AAGCAATGGCCTCCTGAATGTGCGTTGCACTCTTGGGATTTCCTGAGAGTATGTCTGCTTCAGTGCTTAACTTGCCCCAACTTTGCAAGCAGGATGTGTTTCTGCCTTGCGTTCGTATGAGCTGTTGCCCTCTGAGCCAATGGCTTGTTAATTGCTTGGTTCTTGCAAAATGCTTTGCGTGCTGTTATTCAAGTTTCTACCTTCGCGGTTTTACTTGAGTGATGCTGCTCATGCTTGCAACCGCTGGGATGCAGGTGCATGCCTCTAGCATGAAGTCAGACAAGTGAACCCGCTGAATTT","AACCAATGGCCTCCTGAATGTGCGTTGCACTCTTGGGATTTCCTGAGAGTATGTCTGCTTCAGTGCTTAACTTGCCCCAACTTTGCAAGCAGGATGTGTTTCTGCCTTGCGTTCGTATGCGCTGTTGCCCTCTGAGCCAATGGCTTGTTAATTGCTTGGTTCTTGCAAAATGCTTTGCGCGCTGTTATTCAAGTTTCTACCTTCGCGGTTTTACTTGAGTGATGCTGCTCATGCTTGCAACCGCTGGGATGCAGGTGCATGCCTCTAGCATGAAGTCAGACAAGTGAACCCGCTGAATTT","AACCAATGGCCTCCTGAATGTGCGTTGCACTCTTGGGATTTCCTGAGAGTATGTCTGCTTCAGTGCTTAACTTGCCCCAACTTTGCAAGCAGGATGTGTTTCTGCCTTGCGTTCGTATGAGCTGTTGCCCTCTGAGCCAATGGCTTGTTAATTGCTTGGTTCTTGCAAAATGCTTTGCGTGCTGTATTCAAGTTTCTACCTTCGCGGATTTACTTGAGTGATGCCGCTCATGCTTGCAACCGCTGGGATGCAGGTGCATGCCTCTAGCATGAAGTCAGACAAGTGAACCCGCTGAATTT","AACCAATGGCCTCCTGAACGTGCGTTGCACTCTTGGGATTTCCTGAGAGTATGTCTATTTCAGTGCTTAACTTGCCCCAACTTTGCAAGCAGGATGTGTTTCTGCCTTGCGTTCTTATGAGCTATTGCCCTCTGAGCCAATGGCTTGTTAATTGCTTGGTTCTTGCAAAATGCTTTGCGCGCTGTTATTCAAGTTTCTACCTTCGTGGTTTTACTTGAGTGACGCTGCTCATGCTTGCAACCGCTGGGATGCAGGTGCATGCCTCTAGCATGAAGTCAGACAAGTGAACCCGCTGAATTT","AACCAATGGCCTCCTGAACGTGCGTTGCACTCTTGGGATTTCCTGAGAGTATGTCTGCTTCAGTGCTTAACTTGCCCCAACTTTGCAAGCAGGATGTGTTTCTGCCTTGCGTTCTTATGAGCTATTGCCCTCTGAGCCAATGGCTTGTTAATTGCTTGGTTCTTGCAAAATGCTTTGACCGCTGTTATTCAAGTTTCTACCTTCGTGGTTTTACTTGAGTGACGCTGCTCATGCTTGCAACCGCTGGGATGCAGGTGCATGCCTCTAGCATGAAGTCAGACAAGTGAACCCGCTGAATTT","AACCAATGGCCTCCTGAATGTGCGTTGCACTCTTGGGATTTCCTGAGAGTATGTCTGCTTCAGTGCTTAACTTGCCCCAACTTTGCAAGCAGGATGTGTTTCTGCCTTGCGTTCGTATGAGCTGTTGCCCTCTGAGCCAATGGCTTGTTAATTGCTTGGTTCTTGCAAAATGCTTTGCGTGTTGTTATTCAAGTTTCTACCTTCGCGGTTTTACTTGAGTGATGCTGCTCATGCTTGCAACCGCTGGGATGCAGGTGCATGCCTCTAGCATGAAGTCAGACAAGTGAACCCGCTGAATTT","AACCAATGGCCTCCTGAATGTGCGTTGCACTCTTGGGATTTCCTGAGAGTATGTCTGCTACAGTGCTTAACTTGCCCCAACTTTGCAAGCAGGATGTGTTTCTGCCTTGCGTTCGTATGAGCTGTTGCCCTCTGAGCCAATGGCTTGTTAATTGCTTGGTTCTTGCAAAATGCTTTGCGTGCTGTTATTCAAGTTTCTACCTTCGCGGTTTTACTTGAGTGATGCTGCTCATGCTTGCAACCGCTGGGATGCAGGTGCATGCCTCTAGCATGAAGTCAGACAAGTGAACCCGCTGAATTT","AACCAATGTCCTCCTGAGTGTGCGTTGCACTCTTGGGATTTCCTGAGAGTATGTCTGCTTCAGTGCTTAACTTGCCCCAACTTTGCAAGCAGGATGTGTTTCTGCCTTGCGTTCGTATGAGCTGTTGCCCTCTGAGCCAATGGCTTGTTAATTGCTTGGTTCTTGCAAAATGCTTTGCGTGCTGTTATTCAAGTTTCTACCTTCGCGGTTTTACTTGAGTGATGCTGCTCATGCTTGCAACCGCTGGGATGCAGGTGCATGCCTCTAGCATGAAGTCAGACAAGTGAACCCGCTGAATTT","AACCAATGGCCTCCTGAATGTGCGTTGCACTCTTGGGATTTCCTGAGAGTATGTCTGCTTCAGTGCTTAACTTGCCCCAACTTTGCAAGCAGGATGTGTTTCTGCCTTGCGTTCGTATGAGCTGTTGCCCTCTGAGCCAATGGCTTGTTAATTGCTTGGTTCTTGCAAAATGCTTTGCGTGCTGTTATTCAAGTTTCTACCTTCGCGGTTTTACTTGAGTGATGCCGCTCATGCTTGCAACCGCTGGGATGCAGGTGCATGCCTCTAGCATGAAGTCAGACAAGTGAACCCGCTAAATTT","AACCAATGGCCTCCTGAATGTGCGTTGCACTCTTGGGATTTCCTGAGAGTATGTCTGCTTCAGTGCTTAACTTGCCACAACTTTGCAAGCAGGATGTGTTTCTGCCTTGCGTTCGTATGAGCTGTTGCCCTCTGAGCCAATGGCTTGTTAATTGCTTGGTTCTTGCAAAATGCTTTGCGTGCTGTTATTCAAGTTTCTACCTTCGCGGTTTTACTTGAGTGATGCTGCTCATGCTTGCAACCGCTGGGATGCAGGTGCATGCCTCTAGCATGAAGTCAGACAAGTGAACCCGCTGAATTT","AACCAATGGCCTCCTGAACGTGCGTTGCACTCTTGGGATTTCCTGAGAGTATGTCTATTTCAGTGCTTAACTTGCCCCAACTTTGCAAGCAGGATGTGTTTCTGCCTTGCGTTCTTATGAGCTATTACCCTCTGAGCCAATGGCTTGTTAATTGCTTGGTTCTTGCAAAATGCTTTGCGCGCTGTTATTCAAGTTTCTACCTTCGTGGTTTTACTTGAGTGACGCTGCTCATGCTTGCAACCGCTGGGATGCAGGTGTATGCCTCTAGCATGAAGTCAGACAAGTGAACCCGCTGAATTT","AACCAATGGCCTCTTGAACGTGCATTGCGCTCTTGGGATATGCCTGAGAGCATGTCTGCTTCAGTGCTTCTACTTTCTTTTCTGCTGCTCTTGTTATCAGGAGCAGTGCTGCTGCATGCTTCTGCAATTGGCACTGGCATGCTAAGTACCAAGTTTCGCTTGCTGTTGTGACTGATCAACATCTCATGTCGTTTCAGTTGGCGAAACAAAGGCTTGTGTGTTCCAACACTTCCTAGCATGAAGTCAGACAAGTGAACCCGCCGAATTT","AACCAATGGCCTCCTGAATGTGCGTTGCACTCTTGGGATTTCCTGAGAGTATGTCTGCTTCAGTGCTTAACTTGCCCCAACTTTGCAAGCAGGATGTGTTTCTGCCTTGCGTTCGTATGAGCTGTTGCCCTCTGAGCCAATGGCTTGTTAATTGCTTGGTTCTTGCAAAATGCTTTGCGTGCTGTTATTCAAGTTTCTACCTTCGCGGTTTTACTTGAGTGATGCTGCTCATGCTTGCAACCGCTGGGATGCAGGTGCATGCCTCTAGCATGAAGTCAGACAAGTGAACCGACAAGTGAACCCGCTGAATTT","AACCAATGGCCTCCTGAACGTGCGTTGCACTCTTGGGATTTCCTGAGAGTATGTCTGCTTCAGTGCTTAACGTGCCCCAACTTTGCAAGCAGGATGTGTTTCTGCCTTGCGTTCTTATGAGCTATTGCCCTCTGAGCCAATGGCTTGTTAATTGCTTGGTTCTTGCAAAATGCTTTGCGCGCTGTTATTCAAGTTTCTACCTTCGTGGTTTTACTTGAGTGACGCTGCTCATGCTTGCAACCGCTGGGATGCAGGTGCATGCCTCTAGCATGAAGTCAGACAAGTGAACCCGCTGAATTT","AACCAGTGGCCTCCTGAATGTGCGTTGCACTCTTGGGATTTCCTGAGAGTATGTCTGCTTCAGTGCTTAACTTGCCCCAACTTTGCAAGCAGGATGTGTTTCTGCCTTGCGTTCGTATGAGCTGTTGCCCTCTGAGCCAATGGCTTGTTAATTGCTTGGTTCTTGCAAAATGCTTTGCGCGCTGTTATTCAAGTTTCTGCCTTCGCGGTTTTACTTGAGCGATGCTGCTCATGCTTGCAACCGCTGGGATGCAGGTGCATGCCTCTAGCATGAAGTCAGACAAGTGAACCCGCTGAATTT","AACCAATGGCCTCCTGAACGTGCGTTGCACTCTTGCGATTTCCTGAGAGTATGTCTGCTTCAGTGCTTAACTTGCCCCAACTTTGCAAGCAGGATGTGTTTCTGCCTTGCGTTCTTATGAGCTATTGCCCTCTGAGCCAATGGCTTGTTAATTGCTTGGTTCTTGCAAAATGCTTTGCGCGCTGTTATTCAAGTTTCTACCTTCGTGGTTTTACTTGAGTGACGCTGCTCATGCTTGCAACCGCTGGGATGCAGGTGCATGCCTCTAGCATGAAGTCAGACAAGTGAACCCGCTGAATTT","AACCAATGGCCTCTTGAACGTGCATTGCGCTCTTGGGATATGCCTGAGAGCATGTCTGCTTCAGTGCTTCTACTTTCATTTTCTGCTGCTCTTGTTATCAGGAGCAGTGTTGCTGCATGCTTCTGCAAGTGGCACTGGCATGCTAAATATCAAGTTTTGCTTGCTGTTGTGACTGATCAACATCTCATGTCGTTTCAGTTGGCGAAACAACAGCTCATGTGTGTTCTTAACACTTCCTAGCATGAAGTCAGACAAGTGAACCCGCCGAATTT","AACCAATGGCCTCCTGAACGTGCGTTGCACTCTTGGGATTTCCTGAGAGTATGTCTGCTTCAGTGCTTAACTTGCCACAACTTTGCAAGCAGGATGTGTTTCTGCCTTGCGTTCTTATGAGCTATTGCCCTCTGAGCCAATGGCTTGTTAATTGCTTGGTTCTTGCAAAATGCTTTGCGCGCTGTTATTCAAGTTTCTACCTTCGTGGTTTTACTTGAGTGACGCTGCTCATGCTTGCAACCGCTGGGATGCAGGTGCATGCCTCTAGCATGAAGTCAGACAAGTGAACCCGCTGAATTT","AACCAGTGGCCTCCTGAATGTGCGTTGCACTCTTGGGATTTCCTGAGAGTATGTCTGCTTCAGTGCTTAACTTGCCCCAACTTTGCAAGCAGGATGTGTTTCTGCCTTGCGTTCGTCTGAGCTGTTGCCCTCTGAGCCAATGGCTTGTTAATTGCTTGGTTCTTGCAAAATGCTTTGCGCGCTGTTATTCAAGTTTCTGCCTTCGCGGTTTTACTTGAGTGATGCTGCTCATGCTTGCAACCGCTGGGATGCAGGTGCATGCCTCTAGCATGAAGTCAGACAAGTGAACCCGCTGAATTT","AACCAATGGCCTCCTGAACGTGCGTTGCACCCTTGGGATTTCCTGAGAGTATGTCTGCTTCAGTGCTTAACTTGCCCCAACTTTGCAAGCAGGATGTGTTTCTGCCTTGCGTTCTTATGAGCTATTGCCTTCTGCGCCAATGGCTTGTTAATTGCTTGGTTCTTGCAAAATGCTTTGCGCGCTGTTATTCAAGTTTCTACCTTCCCGGTTTTACTTGAGTGACGCTGCTCATGCTTGCAACCGCTGGGATGCAGGTGCATGCCTCTAGCATGAAGTCAGACAAGTGAACCCGCTGAATTT","CACCAATGGCCTCCTGAATGTGCGTTGCACTCTTGGGATTTCCTGAGAGTATGTCTGCTTCAGTGCTTAACTTGCCACAACTTTGCAAGCAGGATGTGTTTCTGCCTTGCGTTCGTATGAGCTGTTGCCCTCTGCGCCAATGGCTTGTTAATTGCTTGGTTCTTGCAAAATGCTTTGCGTGCTGTTATTCAAGTTTCTACCTTCGCGGTTTTACTTGAGTGATGCTGCTCATGCTTGCAACCGCTGGGATGCAGGTGCATGCCTCTAGCATGAAGTCAGACAAGTGAACCCGCTGAATTT","AACCAATGGCCTCCTGAATGCGCGTTGCACTCTTGGGATTTCCTGAGAGTATGTCTGCTTCAGTGCTTAACTTGCCCCAACTTTGCAAGCAGGATGTGTTTCTGCCTTGCGTTCGTATGAGCTGTTGCCCTCTGAGCCAATGGCTTGTTAATTGCTTGGTTCTTGCAAAATGCTTTGCGCGCTGTTATTCAAGTTTCTACCTTCGCGGTTTTACTTGAGTGATGCTGCTCATGCTTGCAACTGCTGGGATGCAGGTGCATGCCTCTAGCATGAAGTCAGACAAGTGAACCCGCTGAATTT","AACCAATGGCCTCCTGAATGTGCGTTGCACTCTTGGGATTTCCTGAGAGTATGTCTGCTTCAGTGCTTAACTTGCCCCAACTTTGCAAGCAGGATGTGTTTCTGCCTTGCGTTCGTATGAGCTGTTGCCCTCTGAGCCAATGGCTTGTTAATTGCTTGGTTCTTGCAAAATGCTTTGCGCGCTGTTATTCAAGTTTCTACCTTCGCGGTTTTACTTGAGTGATGCTGCTCATGCTTGCAACCGCTGGGATGCAGGTGCATGCCTCGAGCATGAAGTCAGACAAGTGAACCCGCTGAATTT","AACCAATGGCCTCCTGAATGTGCGTTGCACTCTTGGGATTTCCTGAGAGTATGTCTGCTTCAGTGCTTAACTTGCCCCAACTTTGCAAGCAGGATGTGTTTCCGCCTTGCGTTCGTATGAGCTGTTGCCCTCTGAGCCAATGGCTTGTTAATTGCTTGGTTCTTGCAAAATGCTTTGCGTGCTGTTATTCAAATTTCTACCTTCGCGGTTTTACTTGAGTGATGCTGCTCATGCTTGCAACCGCTGGGATGCAGGTGCATGCCTCTAGCATGAAGTCAGACAAGTGAACCCGCTGAATTT","AACCAATGGCCTCCTGAATGTGCGTTGCACTCTTGGGATTTCCTGAGAGTATGTCTGCTTCAGTGCTTAACTTGCCCCAACTTTGCAAGCAGGATGTGTTTCTGCCTTGCGTTCGTATGAGCTGTTGCCCTCTGAGCCAATGGCTTGTTAATTGCTTGGTTCTTGCAAAATACTTTGCGTGCTGTTATTCAAGTTTCTACCTTCGCGGTTTTACTTGAGTGATGCTGCTCATGCTTGCAACCGCTGGGATGCAGGTGCATGCCTCTAGCATGAAGTCAGACAAGTGAACCCGCTGAATTT","AACCAATGGCGTCCTGAACGTGCGTTGCACTCTTGGGATTTCCTGAGAGTATGTCTGCTTCAGTGCTTAACTTGCCCCAACTTTGCAAGCAGGATGTGTTTCTGCCTTGCGTTCTTATGAGCTATTGCCCTCTGAGCCAATGGCTTGTTAATTGCTTGGTTCTTGCAAAATGCTTTGCGCGCTGTTATTCAAGTTTCTACCTTCGTGGTTTTACTTGAGTGACGCTGCTCATGCTTGCAACCGCTGGGATGCAGGTGCATGCCTCTAGCATGAAGTCAGACAAGTGAACCCGCTGAATTT","AACCAATGGCCTCCTGAACGTGCGTTGCACTCTTGGGATTTCCTGAGAGTATGTCTGCTTCAGTGCTTAACTTGCCCCAACTTTGCAAGCAGGATGTGCTTCTGCCTTGCGTTCTTATGAGCTATTGCCCTCTGAGCCAATGGCTTGTTAATGGCTTGGTTCTTGCAAAATGCTTTGCGCGCTGTTATTCAAGTTTCTACCTTCGTGGTTTTACTTGAGTGACGCTGCTCATGCTTGCAACCGCTGGGATGCAGGTGCATGCCTCTAGCATGAAGTCAGACAAGTGAACCCGCTGAATTT","AACCAATGGCCTCCTGAATGTGCGTTGCACTCTTGGGATTTCCTGAGGGTATGTCTGCTTCAGTGCTTAACTTGCCCCAACTTTGCAAGCAGGATGTGTTTCTGCCTTGCGTTCGTATGAGCTGTTGCCCTCTGAGCCAATGGCTTGTTAATTGCTTGGTTCTTGCAAAATGCTTTGCGTGCTGTTATTCAAGTTTCTACCTTCGCGGTTTTACTTGAGTGATGCTGCTCATGCTTGCAACCGCTAGGATGCAGGTGCATGCCTCTAGCATGAAGTCAGACAAGTGAACCCGCTGAATTT","AACCAATGGCCTCCTGAATGTGCGTTGCACTCTTGGGATTTCCTGAGAGTATGTCTGCTTCAGTGCTTAACTTGCCCCAACTTTGCAAGCAGGATGTGTTTCTGCCTTGCGTTCGTATGAGCTGTTGCCCTCTGAGCCAATGGCTTGTTAATTGCTTGGTTCTTGCAAAATGCTTTGCGCGCTGTTATTCAAGTTTCTACCTTCGCGGTTTTACTTGAGTGATGCTGCTCATGCTTGCAACCGCTGGGATGCAGGTGCATGCCTCTAGCATGAAGTCAGATAAGTGAACCCGCTGAATTT","AACCAATGGCCTCCTGAACGTGCGTTGCACTCTTGGGTTTTCCTGAGAGTATGTCTGCTTCAGTGCTTAACTTGCCCCAACTTTGCAAGCAGGATGTGTTTCTGCCTTGCGTTCTTATGAGCTATTGCCCTCTGAGCCAATGGCTTGTTAATTGCTTGGTTCTTGCAAAATGCTTTGCGCGCTGTTATTCAAGTTTCTACCTTCGTGGTTTTACTTGAGTGACGCTGCTCATGCTTGCAACCGCTGGGATGCAGGTGCATGCCTCTAGCATGAAGTCAGACAAGTGAACCCGCTGAATTT","AACCAATGGCCTCCTGAATGTGCGTTGCACTCTTGGGATTTCCTGAGAGTATGTCTGCTTCAGTGCTTAACTTGCCCCAACTTTGCAAGCAGGATGTGTTTCTGCCTTGCGTTCGTATGAGCTGTTGCCCTCTGAGCCAATGGCTTGTTAATTGCTTGGTTCTTGCAAAATGCTTTGCGCACTGTTATTCAAGTTTCTACCTTCGCGGTTTTACTTGAGTATGGCTCATGCTTGCAACCGCTGGGATGCAGGTGCATGCCTCTAGCATGAAGTCAGACAAGTGAACCCGCTGAATTT","AACCAATGGCCTCCTGAATGTGCGTTGCACTCTTGGGATTTCCTGAGAGTATGTCTGCTTCAGTGCTTAACTTGCCCCAACTTTGCAAGCAGGATGTGTTTCTGCCTTGCGTTTGTATGAGCTGTTGCCCTCTGAGCCAATGGCTTGTTAATTGCTTGGTTCTTGCAAAATGCTTTGCGTTCTGTTATTCAAGTTTCTACCTTCGCGGTTTTTCTTGAGTGATGCTGCTCATGCTTGCAACCGCTGGGATGCAGGTGCATGCCTCTAGCATGAAGTCAGACAAGTGAACCCGCTGAATTT","AACCACTGGCCTCCTGAATGTGCGTTGCACTCTTGGGATTTCCTGAGAGTATGTCTGCTTCAGTGCTTAACTTGCCCCAACTTTGCAAGCAGGATGTGTTTCTGCCTTGCGTTCGTATGAGCTGTTGCCCTCTGAGCCAATGGCTTGTTAATTGCTTGGTTCTTGCAAAATGCTTTGCGTGCTGTTATTCAAGTTTCTACCTTCGCGGTTTTACTTGAGTGATGCTGCTCATGCTTGCAACCGCTGGGATGCAGGTGCATGCCTCTAGCATGAAGTCAGACAAGTGAACCCGCTGAATTT","AACCAATGGCCTCCTGAATGTGCGTTGCACTCTTCGGATTTCCTGAGAGTATGTCTGCTTCAGTGCTTAACTTGCCCCAACTTTGCAAGCAGGATGTGTTTCTGCCTTGCGTTCGTATGAGCTGTTGCCCTCTGAGCCAATGGCTTGTTAATTGCTTGGTTCTTGCAAAATGCTTTGCGTGCTGTTATTCAAGTTTCTACCTTCGCGGTTTTACTTGAGTGATGCTGCTCATGCTTGCAACCGCTGGGATGCAGGTGCATGCCTCTAGCATGAAGTCAGACAAGTGAACCCGCTGAATTT","AACCAATGGCCTCCTGAACGTGCGTTGCACTCTTGGGATTTCCTGAGAGTATGTCTCCTTCAGTGCTTAACTTGCCCCAACTTTGCAAGCAGGATGTGTTTCTGCCTTGCGTTCTTATGAGCTATTGCCCTCTGAGCCAATGGCTTGTTAATTGCTTGGTTCTTGCAAAATGCTTTGCGCGCTGTTATTCAAGTTTCTACCTTCGTGGTTTTACTTGAGTGACGCTGCTCATGCTTGCAACCGCTGGGATGCAGGTGCATGCCTCTAGCATGAAGTCAGACAAGTGAACCCGCTGAATTT","AACCAATGGCCTCCTGAACGTGCGTTGCACTTTTGGGATTTCCTGAGAGTATGTCTGCTTCAGTGCTTAACTTGCCCCAACTTTGCAAGCAGGATGTGTTTCTGCCTTGCGTTCTTATGAGCTATTGCCCTCTGAGCCAATGGCTTGTTAATTGCTTGGTTCTTGCAAAATGCTTTGCGCGCTGTTATTCAAGTTTCTACCTTCGTGGTTTTACTTGAGTGACGCTGCTCATGCTTGCAACCGCTGGGATGCAGGTGCATGCCTCTAGCATGAAGTCAGACAAGTGAACCCGCTGAATTT","AACCAGTGGCCTCCTGAATGTGCGCTGCACTCTTGGGATTTCCTGAGAGTATGTCTGCTTCAGTGCTTAACTTGCCCCAACTTTGCAAGCAGGATGTGTTTCTGCCTTGCGTTCGTATGAGCTGTTGCCCTCTGAGCCAATGGCTTGTTAATTGCTTGGTTCTTGCAAAATGCTTTGCGCGCTGTTATTCAAGTTTCTGCCTTCGCGGTTTTACTTGAGCGATGCTGCTCATGCTTGCAACCGCTGGGATGCAGGTGCATGCCTCTAGCATGAAGTCAGACAAGTGAACCCGCTGAATTT","AACCAATGGCCTCCTGAATGTGCGTTGCACTCTTGGGATTTCCTGAGAGTATGTCTGCTTCAGTGCTTAACTTGCCCCAACTTTGCAAGCAGGATGTGTTTCTGCCTTGCGTTCGTATGAGCTGTTGCCCTCTGAGCCAATGGCTTGTTAATTGCTTGGTTCTTGCAAAATGCTTTGCGTGCTGTTATTCAAGTTTCTACCTTCGCGGTTTTACTTGAGTGATGCTGCTCATACTTGCAACCGCTGGGATGCAGGTGCATGCCTCTAGCATGAAGTCAGACAAGTGAACCCGCTGACTTT","AACCAATGGCCTCTTGAACGTGCATTGCGCTCTTGGGATATGCCTGAGAGCATGTCTGCTTCAGTGCTTCTACTTTCTTTTCTGCTGCTCTTGTCATCAGGAGCAGTGCTGCTGCATGCTTCTGCAATTGGCACTGGCATGCTAAGTACCAAGTTTCGCTTGCTGTTGTGACTGATCAACATCTCATGTCGTTTCAGTTGGCGAAACAAAGGCTTGTGTGTTCCTACACTTCCTAGCATGAAGTCAGACAAGTGAACCCGCCGAATTT","CACCAATGGCCTCCTGAATGTGCGTTGCACTCTTGGGATTTCCTGAGAGTATGTCTGCTTCAGTGCTTAACTTGCCCCAACTTTGCAAGCAGGATGTGTTTCTGCCTTGCGTTCGTATGAGCTGTTGCCCTCTGAGCCAATGGCTTGTTAATTGCTTGGTTCTTGCAAAATGCTTTGCGTGCTGTTATTCAAGTTTCTACCTTCGCGGTTTTACTTGAGTGATGCTGCTCATGCTTGCAACCGCTGGGATGCAGGTGCATGCCTCTAGCATGAAGTCAGACAAGTGAACCCGCTGAATTT","AACCAATGGCCTCCTGAATGTGCGTTGCACTCTTGGGATTTCCTGAGAGTATGTCTGCTTCAGTCCTTAACTTGCCCCAACTTTGCAAGCAGGATGTGTTTCTGCCTTGCGTTTGTATGAGCTGTTGCCCTCTGAGCCAATGGCTTGTTAATTGCTTGGTTCTTGCAAAATGCTTTGCGTGCTGTTATTCAAGTTTCTACCTTCGCGGTTTTACTTGAGTGATGCTGCTCATGCTTGCAACCGCTGGGATGCAGGTGCATGCCTCTAGCATGAAGTCAGACAAGTGAACCCGCTGAATTT","AACCAATGGCCTCTTGAACGTGCATTGCGCTCTTGGGATATGCCTGAGAGCATGTCTGCTTCAGTGCTTCTACTTTCATTTTCTGCTGCTCTTGTCATCAGGAGCAGTGTTGCTGCATGCTTCTGCAAGTGGCACTGGCATGCTAAATATCAAGTTTTGCTTGCTGTTGTGACTGATCAACATCTCATGTCGTTTCAGTTGGTGAAACAAAAGCTCATGTGTGTTCTTAACACTTCCTAGCATGAAGTCAGACAAGTGAACCCGCCGAATTT","AACCAATGGCCTCCTGAACGTGCGTTGCACTCTTGGGATTTCCTGAGAGTATGTCTGCTTCAGTGCTTAACTTGCCCAACTTTGCAAGCAGGATGTGTCTCTGCCTTGCGTTCTTATGAGCTATTGCCCTCTGAGCCAATGGCTTGTTAATTGCTTGGTTCTTGCAAAATGCTTTGCGCGCTGTTATTCAAGTTTCTACCTTCGTGGTTTTACTTGAGTGACGCTGCTCATGCTTGCAACCGCTGGGATGCAGGTGCATGCCTCTAGCATGAAGTCAGACAAGTGAACCCGCTGAATTT","AATCAATGGCCTCCTGAATGTGCGTTGCACTCTTGGGATTTCCTGAGAGTATGTCTGCTTCAGTGCTTAACTTGCCCCAACTTTGCAAGCAGGATGTGTTTCTGCCTTGCGTTCGTATGAGCTGTTGCCCTCTGAGCCAATGGCTTGTTAATTGCTTGGTTCTTGCAAAATGCTTTGCGTGCTGTTATTCAAATTTCTACCTTCGCGGTTTTACTTGAGTGATGCTGCTCATGCTTGCAACCGCTGGGATGCAGGTGCATGCCTCTAGCATGAAGTCAGACAAGTGAACCCGCTGAATTT","AACCGATGGCCTCCTGAACGCGCATTGCGCTCTCGGGATTTCCTGAGAGCAGGTCTGCTTCAGTGCTTAGCATTATCTACCTGTGCTTGCAAGCAGCATGTATGTCTGCATTGCTGCTTCGCTTTCCAACAAGTCATCGATCGCTTTTGTGTTCGTAAATGGCTTGTTTGCTGCCTGGCCCATGCGCCAAGCTTGAGCGTACTGTTGTTCCAAGCTTTGCTTGCATCGTGCAGCTCAAGCGCGCAGCTGTCGGGATGCTGATGCATGCCCTTAGCATGAAGTCAGACAAGAGAACCCGCTGAATTT","AACCAATGGCCTCCTGAATGTGCGTTGCACTCTTGGGATTTCCTGAGAGTATGTCTGCTTCAGTGCTTAACTTGCCCCAACTTTGCAAGCAGGATGTGTTTCTGCCTTGCGTTCGTATGAGCTGTTGCCCTCTGAGCCAATGGCTTGTTAATTGCTTGGTTCTTGCAAAATGCTTTGCGTGCTGTTATTCAAGTTTCTACCTTCGCGGTTTTACTTGAGTGATGCTGCTCATGCTTGCAACCGCTGGGATGCAGGTGCATGCCTCTAGCATGAAGTCAGACAAGTGAAGCCGCTGAATTT","AACCAATGGCCTCCTGAATGTGCGTTGCACTCTTGGGATTTCCTGAGAGTATGTCTGCTTCAGTGCTTAACTTGCCCCAACTTTGCAAGCAGGATGTGTTTCTGCCTTGCGTTCGTATGAGCTGTTGCCCTCTGAGCCAATGGCTTGTTAATTGCTTGGTTCTTGCAAAATGCTTTGCGTGCTGTTATTCAAGTTTCTACCTTCGCGGTTTTACTTGAGTGATGCTGCTCATACTTGCAACCGCTGGGATGCAGGTGCATGCCTCTAGCATGAAGTCAGACAAGTGAACCCGCTGAATTT","AACCAATGGCCTCCTGAATGTGCGTTGCACTCTTGGGATTTCCTGAGAGTATGTCTGCTTCAGTGCTTAACTTGCCCCAACTTTGCAAGCAGGATGTGTTTCTGCCTTGCGTTCGTATGAGCTGTTGCCCTCTGAGCCAATGGCTTGTTAATTGCTTGGTTCTTGCAAAATGCTTTGCGTGCTGTTATTCAAGTTTCTACCTTTGCGGTTTTACTTGAGTGATGCTGCTCATGCTTGCAACCGCTGGGATGCAGGTGCATGCCTCTAGCATGAAGTCAGACAAGTGAACCCGCTGAATTT","AACCAATGGCCTCCTGAATGTGCGTTGCACTCTTGGGATTTCCTGAGAGTATGTCTGCTTCAGTGCTTAACTTGCCCCAACTTTGCAAGCAGGATGTGTTTCTGCCTTGCGTTTGTATGAGCTGTTGCCCTCTGAGCCAATGGCTTGTTAATTGCTTGGTTCTTGCAAAATGCTTTGCGTGCTGTTATTCAAGTTTCTACCTTCGCGGTTTTACTTGAGTGATGCTGCTCATGCTTGCAACCGCTGGGATGCAGGTGCATGCCTCTAGCATGAAGTCAGACAAGAGAACCCGCTGAATTT","AACCAATGGCCTCCTGAATGTGCGTTGCACTCTTGGGATTTCCTGAGAGTATGTCTGCTTCAGTGCTTAACTTGCCCCAACTTTGCAAGCAGGATGTGTTTCTGCCTTGCGTTCGTATGAGCTGTTGCCCTCTGAGCCAATGGCTTGTTAATTGCTTGGTTCTTGCAAAATGCTTTGCGTGCTGTTATTCAAGTTTCTACCTTCGCGGTTTTACTTGAGTGATGCCGCTCATGCTTGCAACCGCTGGGATGCAGGTGCATGCCTCTAGCATGAAGTCAGACAAGTGAACCTGCTAAATTT","AACCAATGGCCTCCTGACTGTGCGTTGCACTCTTGGGATTTCCTGAGAGTATGTCTGCTTCAGTGCTTAACTTGCCCCAACTTTGCAAGCAGGATGTGTTTCTGCCTTGCGTTTGTATGAGCTGTTGCCCTCTGAGCCAATGGCTTGTTAATTGCTTGGTTCTTGCAAAATGCTTTGCGTGCTGTTATTCAAGTTTCTACCTTCGCGGTTTTACTTGAGTGATGCTGCTCATGCTTGCAACCGCTGGGATGCAGGTGCATGCCTCTAGCATGAAGTCAGACAAGTGAACCCGCTGAATTT","AACCAATGGCCTCCTGAACGTGCGTTGCACTCTTGGGATTTCCTGAGAGTATGTCTGCTTCAGTGCTTAACTTGCCCAACTTTGCAAGCAGGATGTGTTTCTGCCTTGCGCTCTTATGAGCTATTGCCCTCTGAGCCAATGGCCTGTTAATTGCTTGGTTCTTGCAAAATGCTTTGCGCGCTGTTATTCAAGTTTCTACCTTCGTGGTTTTACTTGAGTGACGCTGCTCATGCTTGCAACCGCTGGGATGCAGGTGCATGCCTCTAGCATGAAGTCAGACAACCCGCTGAATTT","AATCAATGGCCTCCTGAATGTGCGTTGCACTCTTGGGATTTCCTGAGAGTATGTCTGCTTCAGTGCTTAACTTGCCCCAACTTTGCAAGCAGGATGTGTTTCTGCCTTGCGTTCGTATGAGCTGTTGCCCTCTGAGCCAATGGCTTGTTAATTGCTTGGTTCTTGCAAAATGCTTTGCGCGCTGTTATTCAAGTTTCTACCTTCGCGGTTTTACTTGAGTGATGCTGCTCATGCTTGCAACCGCTGGGATGCAGGTGCATGCCTCTAGCATGAAGTCAGACAAGTGAACCCGCTGATTTT","AACCAATGGCCTCCTGAATGTGTGTTGCACTCTTGGGATTTCCTGAGAGTATGTCTGCTTCAGTGCTTAACTTGCCCCAACTTTGCAAGCAGGATGTGTTTCTGCCTTGCGTTCGTATGAGCTGTTGCCCTCTGAGCCAATGGCTTGTTAATTGCTTGGTTCTTGCAAAATGCTTTGCGTGCTGTATTCAAGTTTCTACCTTCGCGGATTTACTTGAGTGATGCCGCTCATGCTTGCAACCGCTGGGATGCAGGTGCATGCCTCTAGCATGAAGTCAGACAAGTGAACCCGCTGAATTT","AACCAATGGCCTCCTGAATGTGCGTTGCACTCTTGGGATTTCCTGAGAGTATGTCTGCTTCAGTGCTTAACTTGCCCCAACTTTGCAAGCAGGATGTGTTTCTGCCTTGCGTTCGTATGTGCTGTTGCCCTCTGAGCCAATGGCTTGTTAATTGCTTGGTTCTTGCAAAATGCTTTGCGTGTTGTTATTCAAGTTTCTACCTTCGCGGTTTTACTTGAGTGATGCTGCTCATGCTTGCAACCGCTGGGATGCAGGTGCATGCCTCTAGCATGAAGTCAGACAAGTGAACCCGCTGAATTT","AACCAATGGCTTCGTGAACGTGCGTTGCACTCTTGGGATTTCCTGAGAGTATGTCTGCTTCAGTGCTTAACTTGCCCCAACTTTGCAAGCATGTCTGCCTTGCGTTCTTATGAGCTATTGCCCTCTGAGCCAATGGCTTGTTAATTGCTTGGTTCTTGCAAAATGCTTTGCGCGCTGTTATTCAAGTTTCTACCTTCGTGGTTTTACTTGAGTGACGCTGCTCATGCTTGCAACCGCTGGGATGCAGGTGCATGCCTCTAGCATGAAGTCAGACAAGTGAACCCGCTGAATTT","AACCAATGGCCTCCTGAATGTGCGTTGCACTCTTGGGATTTCCTGAGAGTATGTCTGCTTCAGTGCTTAACTTGCCCCAACTTTGCAAGCGGGATGTGTTTCTGCCTTGCGTTCGTATGCGCTGTTGCCCTCTGAGCCAATGGCTTGTTAATTGCTTGGTTCTTGCAAAATGCTTTGCGCGCTGTTATTCAAGTTTCTACCTTCGCGGTTTTACTTGAGTGATGCTGCTCATGCTTGCAACCGCTGGGATGCAGGTGCATGCCTCTAGCATGAAGTCAGACAAGTGAACCCGCTGAATTT","AACCAATGGCCTCCTGAACGTGCGTTGCACTCTTGGGATTTCCTGAGAGTATGTCTGCTTCAGTGCTTAACTTGCCCCAACTTTGCAAGCAGGATGTGTTTCTGCCTTGCGTTCTTATGAGCTATTGCCCTCTGAGCCAATGGCTTGTTAATTGCTTGGTTCTTGCAAAATGCTTTGCGCGCTGTTATTCAAGTTTCTACCTTCGTGGTTTTTTTTACTTGAGTGACGCTGTTCATGCTTGCAACCGCTGGGATGCAGGTGCATGCCTCTAGCATGAAGTCGGACAAGTGAACCCGCTGAATTT","AACCAATGGCCTCCTGAATGTGCGTTGCACTCTTGGGATTTCCTGAGAGTATGTCTGCTTCAGTGCTTAACTTGCCCCAACTTTGCAAGCAGGATGTGTTTCTGCCTTGCGTTCGTATGAGCTGTTGCCCTCTGAGCCAATGGCTTGTTAATTGCTTGGTTCTTGCAAAATGCTTTGCGTGCTGTTATTCAAGTTTCTACCTTCGCGGTTTTACTTGAGTGATGCTGCTCATGCTTGCAACCGCTGGGATGCAGGTGCATGCCTCTAGCATGAAGTCAGACAAGTGAACCCGCTGAATTTAAGCATATAAGTAAGGAGG","AACCAATGGCCTCCTGAACGTGCGTTGCACCCTTGGGATTTCCTGAGAGTATGTCTGCTTCAGTGCTTAACTTGCCCCAACTTTGCAAGCAGGATGTGTTTCTGCCTTGCGATCTTATGTGCTATTGCCTTCTGCGCCAATGGCTTGTTAACTGCTTGGTTCTTGCAAAATGCTTTGCGCGCTGTTATTCAAGTTTCTACCTTCCCGGTTTTACTTGAGTGACGCTGCTCATGCTTGCAACCGCTGGGATGCAGGTGCATGCCTCTAGCATGAAGTCAGACAAGTGAACCCGCTGAATTT","AACCAATGGCCTCCTGAATGTGCGTTGCACTCTTGGGATTTCCTGAGAGTATGTCTGCTTCAGTGCTTAACTTGCCCCAACTTTGCAAGCAGGATGTGTTTCTGCCTTGCGTTCGTATGAGCTGTTGCCCTCTGAGCCAATGGCTTGTTAATTGCTTGGTTCTTGCAAAATGCTTTGCGCGCTGTTATTCAAGTTTCTACCTTCGCGGTTTTACTTGAGTGATGCTGCTCATGCTTGCAACCGCTGGGATGCAGGTGCATGCCTCTAGCATATTT","AACCAGTGGCCTCCTGAATGTGCGTTGCACTCTTGGGATTTCCTGAGAGTATGTCTGCTTCAGTGCTTAACTTGCCCCAACTTTGCAAGCAGGATGTGTTTCTGCCTTGCGTTCGTATGAGCTGTTGCCCTCTGAGCCAATGGCTTGTTAATTGCTTGGTTCTTGCAAAATGCTTTGCGCGCTGTTATTCAAGTTTCTGCCTTCGCGGTTTTACTTGAGTGACTTTGCTCATGCTTGCAACCGCTGGGATGCAGGTGCATGCCTCTAGCATGAAGTCAGACAAGTGAACCCGCTGAATTT","AACCAATGGCCTCCTGAACGTGCATTGCACTCTTGGGATTTCCTGAGAGTGTGTCTGCTTCAGTGCTTAACTTGCCCCAACTTTGCAAGCAGGATGTGTTTCTGCCTTGCGTTCTTATGAGCTATTGCCCTCTGAGCCAATGGCTTGTTAATTGCTTGGTTCTTGCAAAATGCTTTGCGCGCTGTTATTCAAGTTTCTACCTTCGTGGTTTTACTTGAGTGACGCTGCTCATGCTTGCAACCGCTGGGATGCAGGTGCATGCCTCTAGCATGAAGTCAGACAAGTGAACCCGCTGAATTT","AACCAGTGGCCTCCTGAATGTGCGTTGCACTCTTGGGATTTCCTGAGAGTATGTCTGCTTCAGTGCTTAACTTGCCCCAACTTTGCAAGCAGGATGTGTTTCTGCCTTGCGTTCGTATGAGCTGTTGCCCTCTGAGCCAATGGCTTGTTAATTGCTTGGTTCTTGCAAAATGCTTTGCGCGCTGTTATTCAAGTTTCTGCCTTCGCGGTTTTACTTGAGCGATGCTGCTCATGCTTGCAACCGCTGGGATGCAGGTGCATGCCTCTAGCATGAAGTCAGACAAGTGAACCCGCTGAGTTT","AACCAATGGCCTCCTGAATGTGCGTTGCACTCTTGGGATTTCCTGAGAGTATGTCTGCTTCAGTGCTTAACTTGCCCCAACTTTGCAAGCAGGATGTGTTTCTGCCTTGCGTTCGTATGAGCTGTTGCCCTCTGAGCCAATGGCTTGTTAATTGCTTGGTTCTTGCAAAATGCTTTGCGTGCTGTTATTCAAGTTTCTACCTTCGCGGTTTTACTTGAGTGATGCTGCTCATGCTTGCAACCGCTGGGATGCAGGTGCATGCCTCTAGCATGAAGTCAGACAAGTGAACCCGCTGAATTTAAGCATAGTAAGCGGAGG","TTGCCTTGCAGAACTCCGTGAACCAATGGCCTCCTGAATGTGCGTTGCACTCTTGGGATTTCCTGAGAGTATGTCTGCTTCAGTGCTTAACTTGCCCCAACTTTGCAAGCAGGATGTGTTTCTGCCTTGCGTTCGTATGAGCTGTTGCCCTCTGAGCCAATGGCTTGTTAATTGCTTGGTTCTTGCAAAATGCTTTGCGTGCTGTTATTCAAGTTTCTACCTTCGCGGTTTTACTTGAGTGATGCTGCTCATGCTTGCAACCGCTGGGATGCAGGTGCATGCCTCTAGCATGAAGTCAGACAAGTGAACCCGCTGAATTT","AACCAATGGCCTCCTGAATGTGCGTTGCACTCTTGGGATTTCCTGAGAGTATGTCTGCTTCAGTGCTTAACTTGCCCCAACTTTGCAAGCAGGATGTGTTTCTGCCTTGCGTTCGTATGAGCTGTTGCCCTCTGAGCCAATGGCTTGTTAATTGCTTGGTTCTTGCAAAATGCTTTGCGTGCTGTTATTCAAGTTTCTACCTTCGCGGTTTTACTTGAGTGATGCTGCTCATACTTGCAACCGCTGTGATGCAGGTGCATGCCTCTAGCATGAAGTCAGACAAGTGAACCCGCTGAATTT","AACCAATGGCCTCCTGAATGTGCGTTGCACTCTTGGGATTTCCTGAGAGTATGTCTGCTTCAGTGCTTAACTTGCCCCAACTTTGCAAGCAGGATGTGTTTCTGCCTTGCGTTCGTATGAGCTGTTGCCCTCTGAGCCAATGGCTTGTTAATTGCTTGGTTCTTGCAAAATGCTTTGCGTGCTGTTATTCAAGTTTCTACCTTCGCGGTTTTACTTGAGTGATGCTGCTCATGCTTGCAACCGCTGGGATGCAGGTGCATGCCTCTAGCATGAAGTCAGACAAGTGAACCCGCTGAATTTAAGCATATAAAGCGGAGG","AACCAATGGCCTCCTGAATGTGCGTTGCACTCTTGGGATTTCCTGAGAGTATGTCTGCTTCAGTGCTTAACTTGCCCCAACTTTGCAAGCAGGATGTGTTTCTGCCTTGCGTTCGTATGAGCTGTTGCCCTCTGAGCCAATGGCTTGTTAATTGCTTGGTTCTTGCAAAATGCTTTGCGTGCTGTTATTCAAGTTTCTACCTTCGCGGTTTTACTTGAGTGATGCTGCTCATGCTTGCAACCGCTGGGATGCAGGTGCATGCCTCTAGAATGAGGTCAGACAAGTGAACCCGCTGGATTTAAGCATATAAGCGGAGG","AACCAATGGCCTCCTGAATGTGCGTTGCACTCTTGGGATTTCCTGAGAGTATGTCTGCTTCAGTGCTTAACTTGCCCCAACTTTGCAAGCAGGATGTGTTTCTGCCTTGCGTTCGTATGAGCTGTTGCCCTCTGAGCCAATGGCTTGTTAATTGCTTGGTTCTTGCAAAATGCTTTGCGTGCTGTTATTCAAGTTTCTACCTTCGCGGTTTTACTTGAGTGATGCTGCTCATGCTTGCAACCGCTGGGATGCAGGTGCATGCCTCTAGCATGAAGTCAGACAAATGAACCCGCTGAATTTAAGCATAGTAAGCGGAGG","AACCAATGGCCTCCTGAATGTGCGTTGCACTCTTGGGATTTCCTGAGAGTATGTCTGCTTCAGTGCTTAACTTGCCCCAACTTTGCAAGCAGGATGTGTTTCTGCCTTGCGTTCGTATGAGCTGTTGCCCTCTGAGCCAATGGCTTGTTAATTGCTTGGTTCTTGCAAAATGCTTTGCGTGCTGTTATTCAAGTTTCTACCTTCGCGGTTTTACTTGAGTGATGCTGCTCATGCTTGCAACCGCTGGGGTGCAGGTGCATGCCTCTAGCATGAAGTCAGACAAGTGAATCCGCTGAATTTAAGCATATTAAGCGGAGG","AACCAATGGCCTCCTGAATGTGCGTTGCACTCTTGGGATTTCCTGAGAGTATGTCTGCTTCAGTGCTTAACTTGCCCCAACTTTGCAAGCAGGATGTGTTTCTGCCTTGCGTTCGTATGAGCTGTTGCCCTCTGAGCCAATGGCTTGTTAATTGCTTGGTTCTTGCAAAATGCTTTGCGTGCTGTTATTCAAGTTTCTACCTTCGCGGTTTTACTTGAGTGATGCTGCTCATGCTTGCAACCGCTGGGATGCAGGTGCATGCCTCTAGCATGAAGTCAGACAAGTGAACCCGCTGAATTTAAGCATAAATAAGCGAGG","AACCAATGGCCTCCTGAACGTGCGTTGCACTCTTGGGATTTCCTGAGAGTATGTCTGCTTCAGTGCTTAACTTGCCCCAACTTTGCAAGCAGGATGTGTTTCTGCCTTGCGTTCTTATGAGCTATTGCCCTCTGAGCCAATGGCTTGTTAATTGCTTGGTTCTTGCAAAATGCTTTGCGCGCTGTTATTCAAGTTTCTACCTTCGTGGTTTTACTTGAGTGACGCTGCTCATGCTTGCAACCGCTGGGATGCAGGTGCATGCCTCTAGCATGAAGTCAGACAAGTGAACCCGCTGAATTTAAGCATATAAGCGGAGG","AACCAGTGGCCTCCTGAATGTGCGTTGCACTCTTGGGATTTCCTGAGAGTATGTCTGCTTCAGTGCTTAACTTGCCCCAACTTTGCAAGCAGGATGTGTTTCTGCCTTGCGTTCGTATGAGCTGTTGCCCTCTGAGCCAATGGCTTGTTAATTGCTTGGTTCTTGCAAAATGCTTTGCGCGCTGTTATTCAAGTTTCTGCCTTCGCGGTTTTACTTGAGTGATGCTGCTCATGCTTGCAACCGCTGGGATGCAGGTGCATGCCTCTAGCATGAAGTCAGACAAGTGAACCCGCTGAATTTAAGCATATATAACGGAGG","AACCAATGGCCTCCTGAATGTGCGTTGCACTCTTGGGATTTCCTGAGAGTATGTCTGCTTCAGTGCTTAACTTGCCCCAACTTTGCAAGCAGGATGTGTTTCTGCCTTGCGTTCGTATGAGCTGTTGCCCTCTGAGCCAATGGCTTGTTAATTGCTTGGTTCTTGCAAAATGCTTTGCGTGCTGTTATTCAAGTTTCTACCTTCGCGGTTTTACTTGAGTGATGCTGCTCATGCTCGCAACCGCTGTGATGCAGGTGCATGCCTCTAGCATGAAGTCAGACAAGTGAACCCGCTGAATTTAAGCATATAAATAAGCAGG","AACCAATGGCCTCCTGAATGTGCGTTGCACTCTTGGGATTTCCTGAGAGTATGTCTGCTTCAGTGCTTAACTTGCCCCAACTTTGCAAGCAGGATGTGTTTCTGCCTTGCGTTCGTATGAGCTGTTGCCCTCTGAGCCAATGGCTTGTTAATTGCTTGGTTCTTGCAAAATGCTTTGCGTGCTGTTATTCAAGTTTCTACCTTCGCGGTTTTACTTGAGTGATGCTGCTCATGCTTGCAACCGCTGGGATGCAGGTGCATGCCTCTAGCATGAAGTCAGACAAGTGAACCCGCTGAATTTAAGCATATATGCGGAGG","AACCAATGGCCTCCTGAATGTGCGTTGCACTCTTGGGATTTCCTGAGAGTATGTCTGCTTCAGTGCTTAACTTGCCCCAACTTTGCAAGCAGGATGTGTTTCTGCCTTGCGTTCGTATGAGCTGTTGCCCTCTGAGCCAATGGCTTGTTAATTGCTTGGTTCTTGCAAAATGCTTTGCGTGCTGTTATTCAAGTTTCTACCTTCGCGGTTTTACTTGAGTGATGCTGCTCATGCTTGCAACCGCTGGGATGCAGGTGCATGCCTCTAGCATGAAGTCAGACAAGTGAACCCGTTGAATTTAAGCATATAAAGCGGAGG","AACCAATGGCCTCCTGAACGTGCGTTGCACTCTTGGGATTTCCTGAGAGTATGTCTGCTTCAGTGCTTAACTTGCCCCAACTTTGCAAGCAGGATGTGTTTCTGCCTTGCGTTCTTATGAGCTATTGCCCTCTGAGCCAATGGCTTGTTAATTGCTTGGTTCTTGCAAAATGCTTTGCGCGCTGTTATTCAAGTTTCTACCTTCGTGGTTTTACTTGAGTGACGCTGCTCATGCTTGCAACCGCTGGGATGCAGGTGCATGCCTCTAACATGAAGTCAGACAAGTGAACCCGTTGAATTTAAGCATATAAAGCGGAGG","AACCAATGGCCTCCTGAACGTGCGTTGCACTCTTGGGATTTCCTGAGAGTATGTCTGCTTCAGTGCTTAACTTGCCCCAACTTTGCAAGCAGGATGTGTTTCTGCCTTGCGTTCTTATGAGCTATTGCCCTCTGAGCCAATGGCTTGTTAATTGCTTGGTTCTTGCAAAATGCTTTGCGCGCTGTTATTCAAGTTTCTACCTTCGTGGTTTTACTTGAGTGACGCTGCTCATGCTTGCAACCGCTGGGATGCAGGTGCATGCCTCTAGCATGAAGTCAGACAAGTGAACCCGCTGAATTTAAGCATATTAAGCGGAGG","AACCAATGGCCTCCTGAACGTGCGTTGCACTCTTGGGATTTCCTGAGAGTATGTCTGCTTCAGTGCTTAACTTGCCCCAACTTTGCAAGCAGGATGTGTTTCTGCCTTGCGTTCTTATGAGCTATTGCCCTCTGAGCCAATGGCTTGTTAATTGCTTGGTTCTTGCAAAATGCTTTGCGCGCTGTTATTCAAGTTTCTACCTTCGTGGTTTTACTTGAGTGACGCTGCTCATGCTTGCAACCGCTGGGATGCAGGTGCATGCCTCTAGCATGAAGTCAGACAAGTGAACCCGCTGAATTTAAGCATATAAGGCGGAGG","AACCAGTGGCCTCCTGAATGTGCGTTGCACTCTTGGGATTTCCTGAGAGTATGTCTGCTTCAGTGCTTAACTTGCCCCAACTTTGCAAGCAGGATGTGTTTCTGCCTTGCGTTCGTATGAGCTGTTGCCCTCTGAGCCAATGGCTTGTTAATTGCTTGGTTCTTGCAAAATGCTTTGCGCGCTGTTATTCAAGTTTCTGCCTTCGCGGTTTTACTTGAGTGATGCTGCTCATGCTTGCAACCGCTGGGATGCAGGTGCATGCCTCTAGCATGAAGTCAGACAAGTGAACCCGCTGAATTTAAGCATATAAAGCGGAGG","AACCAATGGCCTCCTGAATGTGCGTTGCACTCTTGGGATTTCCTGAGAGTATGTCTGCTTCAGTGCTTAACTTGCCCCAACTTTGCAAGCAGGATGTGTTTCCGCCTTGCGTTCGTATGAGCTGTTGCCCTCTGAGCCAATGGCTTGTTAATTGCTTGGTTCTTGCAAAATGCTTTGCGTGCTGTTATTCAAATTTCTACCTTCGCGGTTTTACTTGAGTGATGCTGCTCATGCTTGCAACCGCTGGGATGCAGGCGCATGCCTCTAGCATGAAGTCAGACAAGTGAACCCGCTGAATTTAAGCATATAAGCGGAGG","AACCAATGGCCTCCTGAACGTGCGTTGCACTCTTGGGATTTCCTGAGAGTATGTCTGCTTCAGTGCTTAACTTGCCCCAACTTTGCAAGCAGGATGTGTTTCTGCCTTGCGTTCTTATGAGCTATTGCCCTCTGAGCCAATGGCTTGTTAATTGCTTGGTTCTTGCAAAATGCTTTGCGCGCTGTTATTCAAGTTTCTACCTTCGTGGTTTTACTTGAGTGACGCTGCTCATGCTTGCAACTGCTGGGATGCAGGTGCATGCCTCTAGCATGAAGTCAGACAAGTGAACCCGCTGAATTTAAGCATATAAGTAGGAGG","AACCGATGGCCTCCTGAACACGCATTGCGCTCTCGGGATTTCCTGAGAGCAGGTCTGCTTCAGTGCTTAGCATTATCTACCTGTGCTTGCAAGCAGCATGTATGTCTGCATTGCTGCTTCGCTTTCCAACAAGTCATCGATCGCTTTTGTGTTCGTAAATGGCTTGTTTGCTGCCTGGCCCATGCGCCAAGCTTGAGCGTACTGTTGTTCCAAGCTTTGCTTGCATCGTGCAGCTCAAGCGCGCAGCTGTCGGGATGCTGATGCATGCCCTTAGCATGAAGTCAGACAAGAGAACCCGCTGAATTT","AACCAATGGCCTCCTGAACGTGCGTTGCACCCGCCTCCTGAACGTGCGTTGCACCCTTGGGATTTCCTGAGAGTATGTCTGCTTCAGTGCTTAACTTGCCCCAACTTTGCAAGCAGGATGTGTTTCTGCCTTGCGTTCTTATGAGCTATTGCCTTCTGCGCCAATGGCTTGTTAATTGCTTGGTTCTTGCAAAATGCTTTGCGCGCTGTTATTCAAGTTTCTACCTTCCCGGTTTTACTTGAGTGACGCTGCTCATGCTTGCAACCGCTGGGATGCAGGTGCATGCCTCTAGCATGAAGTCAGACAAGTGAACCCGCTGAATTT","AACCAATGGCCTCCTGAATGTGCGTTGCACTCTTGGGATTTCCTGAGAGTATGTCTGCTTCAGTGCTTAACTTGCCCCAACTTTGCAAGCAGGATGTGTTTCTGCCTTGCGTTTGTATGAGCTGTTGCCCTCTGAGCCAATGGCTTGTTAATTGCTTGGTTCTTGCAAAATGCTTTGCGTGCTGTTATTCAAGTTTCTACCTTCGCGGTTTTACTTGAGTGATGCTGCTCATGCTTGCAACCGCTGGGATGCAGGTGCATGCCTCTAGCATGAAGTCAGACAAGTGAACCCGCTGAATTTAAGCATATAAGTCGGAGG","TTGCCTTGCAGAACTCCGTGAACCAATGGCCTCCTGAATGTGCGTTGCACTCTTGGGATTTCCTGAGAGTATGTCTGCTTCAGTGCTTAACTTGCCCCAACTTTGCAAGCAGGATGTGTTTCTGCCTTGCGTTCGTATGAGCTGTTGCCCTCTGAGCCAATGGCTTGTTAATTGCTTGGTTCTTGCAAAATGCTTTGCGCGCTGTTATTCAAGTTTCTACCTTCGCGGTTTTACTTGAGTGATGCTGCTCATGCTTGCAACCGCTGGGATGCAGGTGCATGCCTCTAGCATGAAGTCAGACAAGTGAACCCGCTGAATTT","AACCAATGGCCTCCTGAATGTGCGTTGCACTCTTGGGATTTCCTGAGAGTATGTCTGCTTCAGTGCTTAACTTGCCCCAACTTTGCAAGCAGGATGTGTTTCTGCCTTGCGTTCGTATGAGCTGTTGCCCTCTGAGCCAATGGCTTGTTAATTGCTTGGTTCTTGCAAAATGCTTTGCGCGCTGTTATTCAAGTTTCTACCTTCGCGGTTTTACTTGAGTATGGCTCATGCTTGCAACCGCTGGGATGCAGGTGCATGCCTCTAGCATGAAGTCAGACAAGTGAACCCGCTGAATTTAAGTATAGTAAGCGGAGG","TTGCCTTGCAGAACTCCGTGAACCAATGGCTTCGTGAACGTGCGTTGCACTCTTGGGATTTCCTGAGAGTATGTCTGCTTCAGTGCTTAACTTGCCCCAACTTTGCAAGCATTTCTGCCTTGCGTTCTTATGAGCTATTGCCCTCTGAGCCAATGGCTTGTTAATTGCTTGGTTCTTGCAAAATGCTTTGCGCGCTGTTATTCAAGTTTCTACCTTCGTGGTTTTACTTGAGTGACGCTGCTCATGCTTGCAACCGCTGGGATGCAGGTGCATGCCTCTAGCATGAAGTCAGACAAGTGAACCCGCTGAATTT","AACCAATGGCCTCCTGAACGTGCGTTGCACTCTTGGGATTTCCTGAGAGTATGTCTGCTTCAGTGCTTAACTTGCCCCAACTTTGCAAGCAGGATGTGTTTCTGCCTTGCGTTCTTATGAGCTATTGCCCTCTGAGCCAATGGCTTGTTAATTGCTTGGTTCTTGCAAAATGCTTTGACCGCTGTTATTCAAGTTTCTACCTTCGTGGTTTTACTTGAGTGACGCTGCTCATGCTTGCAACCGCTGGGATGCAGGTGCATGCCTCTAGCATGAAGTCAGACAAGTGAACCCGCTGAATTTAAGCATATAAGTAAAGTAAGCGGAGG","AACCAATGGCCTCCTGAACGTGCGTTGCACTCTTGGGATTTCCTGAGAGTATGTCTGCTTCAGTGCTTAACTTGCCCCAACTTTGCAAGCAGGATGTGTTTCTGCCTTGCGTTCTTATGAGCTATTGCCCTCTGAGCCAATGGCTTGTTAATTGCTTGGTTCTTGCAAAATGCTTTGCGCGCTGTTATTCAAGTTTCTACCTTCGTGGTTTTACTTGAGTGACGCTGCTCATGCTTGCAACCGCTGGGACGCAGGTGCATGCCTCTAGCATGAAGTCAGACAAGTGAACCCGCTGAATTTAAGCATAGTAAGCGGAGG","TTGCCTTGCAGAACTCCGTGAACCAATGGCCTCCTGAACGTGCGTTGCACTCTTGGGATTTCCTGAGAGTATGTCTGCTTCAGTGCTTAACTTGCCCCAACTTTGCAAGCATTTCTGCCTTGCGTTCTTATGAGCTATTGCCCTCTGAGCCAATGGCTTGTTAATTGCTTGGTTCTTGCAAAATGCTTTGCGCGCTGTTATTCAAGTTTCTACCTTCGTGGTTTTACTTGAGTGACGCTGCTCATGCTTGCAACCGCTGGGATGCAGGTGCATGCCTCTAGCATGAAGTCAGACAAGTGAACCCGCTGAATTT","GGAATTGCAGAACTCCATGAACCAATGGCCTCCTGAATGTGCGTTGCACTCTTGGGATTTCCTGAGAGTATGTCTGCTTCAGTGCTTAACTTGCCCCAACTTTGCAAGCAGGATGTGTTTCTGCCTTGCGTTCGTATGAGCTGTTGCCCTCTGAGCCAATGGCTTGTTAATTGCTTGGTTCTTGCAAAATGCTTTGCGCGCTGTTATTCAAGTTTCTACCTTCGCGGTTTTACTTGAGTGATGCTGCTCATGCTTGCAACCGCTGGGATGCAGGTGCATGCCTCTAGCATGAAGTCAGACAAGTGAACCCGCTGAATTT","AACCAATGGCCTCCTGAATGTGCGTTGCACTCTTGGGATTTCCTGAGAGTATGTCTGCTTCAGTGCTTAACTTGCCCCAACTTTGCAAGCAGGATGTGTTTCTGCCTTGCGTTCGTATGAGCTGTTGCCCTCTGAGCCAATGGCTTGTTAATTGCTTGGTTCTTGCAAAATGCTTTGCGCGCTGTTATTCAAGTTTCTACCTTCGCGGTTTTACTTGAGTGATGCTGCTCATGCTTGCAACTGCTGGGATGCAGGTGCATGCCTCTAGCATGAAGTCAGACAAGTGAACCCGCTGAATTTAAGCATAGTAAGCGGAGG","AACCAGTGGCCTCCTGAATGTGCGTTGCACTCTTGGGATTTCCTGAGAGTATGTCTGCTTCAGTGCTTAACTTGCCCCACCTTTGCAAGCAGGATGTGTTTCTGCCTTGCGTTCGTATGAGCTGTTGCCCTCTGAGCCAATGGCTTGTTAATTGCTTGGTTCTTGCAAAATGCTTTGCGCGCTGTTATTCAAGTTTCTGCCTTCGCGGTTTTACTTGAGTGATGCTGCTCATGCTTGCAACCGCTGGGATGCAGGTGCATGCCTCTAGCATGAAGTCAGACAAGTGAACCCGCTGAATTTAAGCATATAAGCGGAGG","AACCAGTGGCCTCCTGAATGTGCGTTGCACTCTTGGGATTTCCTGAGAGTATGTCTGCTTCAGTGCTTAACTTGCCCCAACTTTGCAAGCAGGATGTGTTTCTGCCTTGCGTTCGTATGAGCTGTTGCCCTCTGAGCCAATGGCTTGTTAATTGCTTGGTTCTTGCAAAATGCTTTGCGCGCTGTTATTCAAGTTTCTGCCTTCGCGGTTTTACTTGAGTGATGCTGCTCATGCTTGCAACCGCTGGGATGCAGGTGCATGCCTCTAGCATGAAGTCAGACAAGTGAACCCGCTGAATTTAAGCATATAAGCGGAGG","AACCACTGGCAGCGCGATAGTCTTTGTGAATTGCAGAACTCCATGAACCACTGGCCTCCTGAATGTGCGTTGCACTCTTGGGATTTCCTGAGAGTATGTCTGCTTCAGTGCTTAACTTGCCCCAACTTTGCAAGCAGGATGTGTTTCTGCCTTGCGTTCGTATGAGCTGTTGCCCTCTGAGCCAATGGCTTGTTAATTGCTTGGTTCTTGCAAAATGCTTTGCGCGCTGTTATTCAAGTTTCTGCCTTCGCGGTTTTACTTGAGTGATGCTGCTCATGCTTGCAACCGCTGGGATGCAGGTGCATGCCTCTAGCATATTT","total"
"101",642,159,88,124,55,0,0,38,0,36,14,9,0,13,0,0,0,12,0,5,2,17,11,0,1,2,0,0,10,0,0,0,0,0,0,0,0,0,0,0,0,0,0,0,0,0,0,0,0,0,0,0,0,0,0,0,0,0,0,0,0,0,0,0,0,0,0,0,0,0,0,0,0,0,0,0,0,0,0,0,0,0,0,0,0,0,0,0,0,0,0,0,0,0,0,0,0,0,0,0,0,2,0,0,0,0,0,0,0,0,0,0,0,0,0,0,0,0,1260
"113",629,173,109,104,58,19,0,16,67,0,24,10,0,0,0,0,0,0,0,0,6,0,0,0,0,11,0,0,0,0,0,9,0,0,0,0,0,0,0,0,0,0,0,0,0,0,0,0,0,0,0,0,0,0,0,0,0,0,0,0,0,0,0,0,0,0,0,0,0,0,0,0,0,0,0,0,0,0,0,0,0,0,0,0,0,0,0,0,0,0,0,0,0,0,0,0,0,0,0,0,0,0,0,0,0,0,0,0,0,0,0,0,0,0,0,0,0,0,1265
"115",591,167,172,125,87,0,0,17,37,0,0,11,0,0,19,0,0,0,0,0,9,0,0,0,19,7,0,0,0,0,0,0,0,0,0,0,0,0,0,0,0,0,0,0,0,0,0,0,0,0,0,0,0,0,0,0,0,0,0,0,0,0,0,0,0,0,0,0,0,0,0,0,0,0,0,0,0,0,0,0,0,0,0,0,0,0,0,0,0,0,0,0,0,0,0,0,0,0,0,0,0,0,0,0,0,0,0,0,0,0,0,0,0,0,0,0,0,0,1239
"116",219,208,264,65,0,361,0,12,0,0,0,24,0,0,0,9,0,25,0,0,3,0,0,0,0,9,0,0,0,0,9,0,0,6,0,0,0,0,0,0,0,0,0,0,11,0,0,0,0,0,0,0,0,0,0,0,0,0,0,0,0,0,0,0,0,0,0,0,0,0,0,19,0,0,0,0,0,0,0,0,0,0,0,0,0,0,0,0,0,0,0,0,0,0,0,0,0,0,0,0,0,0,0,0,0,0,0,0,0,0,0,0,0,0,0,0,0,0,1256
"130",588,137,153,84,104,0,0,24,20,0,26,14,0,10,23,17,0,16,0,7,10,0,9,0,0,4,0,0,0,0,0,0,0,6,5,8,0,0,10,0,0,0,0,0,0,0,4,0,0,7,0,0,0,0,0,0,0,0,0,0,0,0,0,0,0,0,0,0,0,0,0,0,0,0,0,0,0,0,0,0,0,0,0,0,0,0,0,0,0,0,0,0,0,0,0,0,0,0,0,0,0,0,0,0,0,0,0,0,0,0,0,0,0,0,0,0,0,0,1214
"158",575,163,179,125,74,0,0,34,23,0,8,16,0,0,0,0,0,0,0,0,12,0,0,0,10,0,0,0,0,0,0,0,0,0,0,0,0,0,8,0,0,0,0,0,0,0,0,0,0,0,0,0,0,0,0,0,0,0,0,0,0,0,0,0,0,0,0,0,0,0,0,0,0,0,0,0,0,0,0,0,0,0,0,0,0,0,0,0,0,0,0,0,0,0,0,0,0,0,0,0,0,0,0,0,0,0,0,0,0,0,0,0,0,0,0,0,0,0,1273
"159",646,157,106,110,52,0,0,12,80,0,22,6,0,11,21,0,0,0,0,0,6,0,0,0,9,0,0,11,0,0,0,0,0,0,8,0,0,0,0,0,0,0,0,0,0,0,0,0,0,0,0,0,0,0,0,0,0,0,0,0,0,0,0,0,0,0,0,0,0,0,0,0,0,0,0,0,0,0,0,0,0,0,0,0,0,0,0,0,0,0,0,0,0,0,0,0,0,0,0,0,0,0,0,0,0,0,0,0,0,0,0,0,0,0,0,0,0,0,1243
"172",757,84,55,99,72,0,0,25,0,60,14,7,0,18,4,0,0,0,0,14,3,16,10,0,8,9,0,0,10,0,0,6,0,4,0,0,0,0,0,0,0,0,0,0,0,0,0,0,0,0,0,0,0,0,0,0,0,0,0,0,0,0,0,0,0,0,0,0,0,0,0,0,0,7,0,0,0,0,0,0,0,0,0,0,0,0,0,0,0,0,0,0,0,0,0,0,0,0,0,0,0,0,0,0,0,0,0,0,0,0,0,0,0,0,0,0,0,0,1218
"173",684,140,100,94,62,0,0,27,67,0,21,5,0,0,11,0,0,0,0,0,8,0,0,0,15,0,0,0,0,0,0,0,0,0,0,0,0,0,0,0,0,0,0,0,0,0,0,0,0,0,0,0,0,0,0,0,0,0,0,0,0,0,0,0,0,3,0,0,0,0,0,0,0,0,0,0,0,0,0,0,6,0,0,0,0,0,0,0,0,0,0,0,1,0,0,0,0,0,0,0,0,0,0,0,0,0,0,0,0,0,0,0,0,0,0,0,0,0,1256
"174",590,239,108,129,96,0,0,20,34,0,0,10,0,0,0,0,0,0,0,0,12,0,0,0,8,0,0,0,0,0,0,0,0,0,0,0,0,0,0,0,0,0,0,0,0,0,0,0,0,0,0,0,0,0,0,0,0,0,0,0,0,0,0,0,0,0,0,0,0,0,0,0,0,0,0,0,0,0,0,0,0,0,0,0,0,0,0,0,0,0,0,0,0,0,0,0,0,0,0,0,0,0,0,0,0,0,0,0,0,0,0,0,0,0,0,0,0,0,1254
"175",525,258,87,84,51,0,0,18,42,0,10,11,0,15,13,0,0,0,0,7,6,0,0,0,11,20,0,13,0,0,0,0,0,0,0,0,0,0,11,0,0,0,0,0,0,0,7,22,0,0,0,0,0,0,0,0,0,0,0,0,0,0,0,0,0,0,0,0,0,0,0,0,0,0,0,0,0,0,0,0,0,0,0,0,0,0,0,0,0,0,0,0,0,2,0,0,0,0,0,0,0,0,0,0,0,0,0,0,0,0,0,0,0,0,0,0,0,0,1287
"177",393,279,133,111,56,0,167,19,0,0,0,17,0,0,11,13,0,16,0,0,5,0,0,0,0,6,0,0,0,0,0,8,0,1,0,0,0,15,6,0,0,0,0,0,0,0,0,0,0,0,0,0,0,0,0,0,0,0,0,0,0,0,0,0,0,0,0,0,0,0,0,0,0,0,0,0,0,0,0,0,0,0,0,0,0,0,0,0,0,0,0,0,0,0,0,0,0,0,0,0,0,0,0,1,0,0,0,0,0,0,0,0,0,0,0,0,0,0,1243
"179",611,132,138,108,54,0,0,11,73,0,15,15,0,0,12,8,0,16,0,0,6,0,0,0,0,5,0,0,0,0,0,0,0,3,0,0,9,0,10,0,0,0,0,0,0,0,0,0,0,0,0,0,0,0,0,0,0,0,0,0,0,0,0,0,0,0,0,0,0,0,0,0,0,0,0,0,0,0,0,0,0,0,0,0,0,0,0,0,0,0,0,0,0,0,0,0,0,0,0,0,0,0,0,0,0,0,0,0,0,0,0,0,0,0,0,0,0,0,1274
"180",596,133,152,97,85,0,0,23,70,0,22,5,0,10,19,18,0,12,0,0,10,0,0,0,0,6,0,0,0,0,0,0,0,0,0,0,0,0,0,0,0,0,0,0,0,0,0,0,0,0,0,0,0,0,0,0,0,0,0,0,0,0,0,0,0,0,0,0,0,0,0,0,0,0,0,0,0,0,0,0,0,0,0,0,0,0,0,0,0,0,0,0,0,0,0,0,0,0,0,0,0,0,0,0,0,0,0,0,0,0,0,0,0,0,0,0,0,0,1242
"276",630,160,83,167,49,0,0,28,0,41,0,11,0,0,0,0,0,0,0,0,3,18,25,0,16,0,0,0,15,0,0,0,0,0,0,0,0,0,0,0,0,0,0,0,0,0,0,0,0,0,0,0,0,0,0,0,0,0,0,0,0,0,0,0,0,0,0,0,0,0,0,0,0,0,0,0,0,0,0,0,0,0,0,0,0,0,0,0,0,0,0,0,0,0,0,0,0,0,0,0,0,0,0,0,0,0,0,0,0,0,0,0,0,0,0,0,0,0,1254
"297",716,111,90,108,74,0,0,24,52,0,0,8,0,13,12,0,0,0,0,11,5,0,0,0,9,0,0,11,0,0,0,0,0,0,0,0,0,0,0,0,0,0,0,0,0,0,0,0,0,0,0,0,0,0,0,0,0,0,0,0,0,0,0,0,0,0,0,0,0,0,0,0,0,0,0,0,0,0,0,0,0,0,0,0,0,0,0,0,0,0,0,0,0,0,0,0,0,0,0,0,0,0,0,0,0,0,0,0,0,0,0,0,0,0,0,0,0,0,1256
"300",717,81,56,122,56,0,0,54,0,44,18,0,0,8,0,0,0,0,0,11,6,30,12,0,3,0,0,0,11,0,0,0,0,3,0,0,0,0,0,0,0,0,8,8,0,0,0,0,0,0,0,0,0,0,0,0,0,0,0,0,0,0,0,0,0,0,0,0,0,0,0,0,0,0,0,0,0,0,0,2,0,0,0,0,0,0,0,0,0,0,0,0,0,0,0,0,0,0,0,0,0,0,0,0,0,0,0,0,0,0,0,0,0,0,0,0,0,0,1250
"301",663,142,69,160,62,0,0,31,0,51,17,9,0,0,0,0,0,0,0,0,6,18,0,0,11,0,0,0,4,0,0,8,0,5,0,0,0,0,0,0,0,0,0,0,0,0,0,0,0,0,0,0,0,0,0,0,0,0,0,0,0,0,0,0,0,0,0,0,0,0,0,0,0,0,0,0,0,0,0,0,0,0,0,0,0,0,0,0,0,0,0,0,0,0,0,0,0,0,0,0,0,0,0,0,0,0,0,0,0,0,0,0,0,0,0,0,0,0,1244
"303",327,197,187,71,0,83,0,17,0,0,0,17,0,0,0,0,133,0,93,0,3,0,0,0,16,9,0,0,0,0,62,0,0,0,0,0,0,0,0,0,0,18,0,0,11,0,0,0,0,0,0,0,0,0,0,0,0,0,0,0,0,0,0,0,0,3,0,0,0,0,0,0,0,0,0,0,0,0,0,0,0,0,0,0,0,0,0,0,0,0,0,0,0,0,0,0,0,0,0,0,0,0,0,0,0,0,0,0,0,0,0,0,0,0,0,0,0,0,1253
"304",645,127,80,141,47,0,0,52,0,36,25,11,0,24,0,0,0,13,0,5,3,22,0,0,0,7,0,0,5,0,0,0,0,1,0,0,0,0,0,0,0,0,0,5,0,0,0,0,0,0,0,0,0,0,0,0,0,0,0,0,0,0,0,0,0,3,0,0,0,0,0,0,0,0,0,0,0,0,0,0,0,0,0,0,0,0,0,0,0,0,0,0,0,0,0,0,0,0,0,0,0,0,0,0,0,0,0,0,0,0,0,0,0,0,0,0,0,0,1248
"305",636,171,67,181,72,0,0,38,0,37,0,9,0,0,0,0,0,0,0,0,2,27,0,0,0,9,0,0,7,0,0,0,0,0,0,0,0,0,0,0,0,0,0,0,0,0,0,0,0,0,0,0,0,0,0,0,0,0,0,0,0,0,0,0,0,4,0,0,0,0,0,0,0,0,0,0,0,0,0,0,0,0,0,0,0,0,0,0,0,0,0,0,0,0,0,0,0,0,0,0,0,0,0,0,0,0,0,0,0,0,0,0,0,0,0,0,0,0,1240
"307",705,165,64,156,47,0,0,25,0,30,0,12,0,0,0,0,0,0,0,0,7,0,0,0,0,0,0,0,0,0,0,0,0,0,0,0,0,0,0,0,0,0,0,0,0,0,0,0,0,0,0,0,0,0,0,0,0,0,0,0,0,0,0,0,0,1,0,0,0,0,0,0,0,0,0,0,0,0,0,0,0,0,0,0,0,0,0,0,0,0,0,0,0,0,0,0,0,0,0,0,0,0,0,0,0,0,0,0,0,0,0,0,0,0,0,0,0,0,1288
"308",737,128,64,116,71,0,0,31,0,41,15,9,0,16,0,0,0,0,0,10,1,24,0,0,0,0,0,0,14,0,0,0,0,0,0,0,0,0,0,0,0,0,0,0,0,0,0,0,0,0,0,0,0,0,0,0,0,0,0,0,0,0,0,0,0,0,0,0,0,0,0,0,0,0,0,0,0,0,0,0,0,0,0,0,0,0,0,0,0,0,0,0,0,0,0,0,0,0,0,0,0,0,0,0,0,0,0,0,0,0,0,0,0,0,0,0,0,0,1223
"310",726,93,62,132,63,0,0,42,0,50,22,0,0,11,0,0,0,0,0,19,1,17,11,0,10,0,0,0,6,0,0,0,0,0,0,0,0,0,0,0,0,0,15,0,0,0,0,0,0,0,0,0,0,0,0,0,0,0,0,0,0,0,0,0,0,0,0,0,0,0,0,0,0,0,0,0,0,0,0,2,0,0,0,0,0,0,0,0,0,0,0,0,0,0,0,0,0,0,0,0,0,0,0,0,1,0,0,0,0,0,0,0,0,0,0,0,0,0,1217
"316",722,95,63,124,42,0,0,46,0,48,23,13,0,22,0,0,0,0,0,15,0,9,9,0,8,0,0,0,15,0,0,0,0,0,0,0,0,0,0,0,0,0,0,11,0,0,0,0,16,0,0,0,0,0,0,0,0,0,0,0,0,0,0,0,0,0,0,0,0,0,0,0,5,0,0,0,0,0,0,0,0,2,0,0,0,0,0,0,0,0,0,0,0,0,0,0,0,0,0,0,0,0,0,0,0,0,0,0,0,0,0,0,0,0,0,0,0,0,1212
"351",643,210,111,97,74,0,0,0,55,0,0,8,0,0,0,0,0,0,0,0,2,0,0,0,18,8,0,32,0,0,0,0,0,0,0,0,0,0,0,0,0,0,0,0,0,0,0,0,0,0,0,0,0,0,0,0,0,0,0,0,0,0,0,0,0,0,0,0,0,0,0,0,0,0,0,0,0,0,0,0,0,0,0,0,0,0,0,0,0,0,0,0,0,0,0,0,0,0,0,0,0,0,0,0,0,0,0,0,0,0,0,0,0,0,0,0,0,0,1242
"377",689,136,47,140,61,0,0,30,0,43,18,9,0,14,0,0,0,15,0,0,1,36,7,0,0,2,0,0,14,0,0,0,0,0,0,0,0,0,0,0,0,0,0,0,0,0,0,0,0,0,0,0,0,0,0,0,0,0,0,0,0,0,0,0,0,0,0,0,0,0,0,0,0,0,0,0,0,0,0,0,0,0,0,0,0,0,0,0,0,0,0,0,0,0,0,0,0,0,0,0,0,0,0,0,0,0,0,0,0,0,0,0,0,0,0,0,0,0,1238
"384",386,147,201,100,44,0,0,27,0,0,10,10,75,16,9,24,0,15,0,16,16,0,12,21,0,5,19,0,0,0,0,7,0,3,0,0,7,0,0,0,51,0,0,0,0,0,0,0,0,0,0,0,0,0,0,0,9,0,0,0,0,0,0,0,0,1,0,0,0,0,6,0,0,0,0,0,0,0,0,0,0,0,0,0,0,0,0,0,0,0,0,0,0,0,0,0,0,0,0,0,0,0,0,0,0,1,0,0,0,0,0,0,0,0,0,0,0,0,1262
"386",412,150,231,160,51,0,0,39,0,0,0,12,85,0,21,35,0,0,0,0,6,0,0,0,11,10,0,0,0,0,0,5,0,0,0,0,0,0,0,0,0,0,0,0,0,0,0,0,0,0,0,0,0,0,0,0,0,0,0,0,0,0,0,0,0,0,0,0,0,0,9,0,0,0,0,0,0,0,0,0,0,0,0,0,0,0,0,0,0,0,0,0,0,0,0,0,0,0,0,0,0,0,0,0,0,0,0,0,0,0,0,0,0,0,0,0,1,0,1262
"389",348,207,233,45,0,346,0,12,0,0,0,14,0,0,0,0,0,0,0,0,8,0,0,0,2,6,0,0,0,0,0,0,0,2,0,0,0,0,0,0,0,0,0,0,0,0,0,0,0,0,0,0,0,0,0,0,0,0,0,0,0,0,0,0,0,0,0,0,0,0,0,0,0,0,0,0,0,0,10,0,0,0,0,0,0,0,0,0,0,0,0,0,0,0,0,0,0,0,0,0,0,0,0,0,0,0,1,0,0,0,0,0,0,0,0,0,0,0,1266
"394",615,117,162,106,0,0,0,35,151,0,23,14,0,20,0,0,0,0,0,9,8,0,0,0,8,0,0,0,0,0,0,0,0,0,0,0,0,0,0,0,0,0,0,0,0,0,0,0,0,0,0,0,0,0,0,0,0,0,0,0,0,0,0,0,0,2,0,0,0,0,0,0,0,0,0,0,0,0,0,0,0,0,0,0,0,0,0,0,0,0,0,2,0,0,0,0,0,0,0,0,0,0,0,0,0,0,0,0,0,0,0,0,0,0,0,0,0,0,1228
"397",490,129,114,75,73,0,0,20,0,0,9,10,113,13,20,16,0,10,0,10,8,0,0,53,0,8,28,0,0,36,0,0,0,0,11,0,0,0,0,0,0,0,0,0,0,0,0,0,0,0,0,0,0,0,0,0,0,0,0,0,0,0,0,0,0,0,0,0,0,0,0,0,0,0,0,0,0,0,0,1,0,0,0,0,0,0,0,0,0,0,0,0,0,0,0,0,0,0,0,0,0,0,0,0,0,0,0,0,0,0,0,0,0,0,0,0,0,0,1253
"400",319,153,225,61,0,284,86,14,0,0,0,15,0,0,0,0,36,0,43,0,4,0,0,0,12,5,0,0,0,0,16,0,0,5,0,0,0,0,0,0,0,0,0,0,6,0,0,0,0,0,0,0,0,0,0,0,0,0,0,0,0,0,0,0,0,0,0,0,0,0,0,0,0,0,0,0,0,0,0,0,0,0,0,0,0,0,0,0,0,0,0,0,0,0,0,0,0,0,0,0,0,0,0,0,0,0,0,0,0,0,0,0,0,0,0,0,0,0,1216
"405",344,307,200,118,43,0,0,37,0,0,0,16,48,0,0,0,0,30,0,0,7,0,0,35,0,5,30,0,0,38,0,0,0,0,0,0,0,0,0,0,0,0,0,0,0,0,0,0,0,0,0,0,0,0,0,0,0,0,0,0,0,0,0,0,0,0,0,0,0,0,0,0,0,0,0,0,0,0,0,0,0,0,0,0,0,0,0,0,0,0,0,0,0,0,0,0,0,0,1,0,0,0,0,0,0,0,0,0,0,0,0,0,0,0,0,0,0,0,1241
"408",330,117,282,49,0,301,0,15,0,0,0,14,0,7,17,14,0,0,0,7,6,0,0,0,6,4,0,0,0,0,0,3,0,2,0,0,0,0,0,15,33,0,0,0,0,11,0,0,0,0,0,0,0,0,0,0,0,6,8,0,0,0,0,0,0,0,0,0,0,0,0,0,0,0,0,0,0,0,0,0,2,0,0,0,0,0,0,0,0,0,0,0,0,0,0,0,0,0,0,0,0,0,0,0,0,0,0,0,0,0,0,0,0,0,0,0,0,0,1251
"409",406,224,146,70,57,0,0,27,0,0,18,14,72,15,8,15,0,15,0,9,3,0,14,45,0,11,39,0,0,34,0,0,0,5,12,0,0,0,0,0,0,0,0,0,0,0,0,12,0,0,9,0,0,0,0,0,0,0,0,0,0,0,0,0,0,0,0,0,0,0,0,0,0,0,0,0,0,0,0,0,0,0,0,0,0,0,0,0,0,0,0,0,0,0,0,0,0,0,0,0,0,0,0,0,0,0,0,0,0,0,0,0,0,0,0,0,0,0,1220
"416",403,155,188,113,57,0,0,27,0,0,0,12,75,19,14,22,7,0,10,16,6,0,0,20,13,0,26,0,0,38,0,0,0,3,10,0,0,0,0,0,0,0,0,0,0,0,0,0,0,0,0,0,0,0,0,0,0,0,0,0,0,0,0,0,0,0,0,0,0,0,0,0,0,0,0,0,0,0,0,0,0,0,0,0,0,0,0,0,0,0,0,0,0,0,0,2,0,0,0,0,0,0,0,0,0,0,0,0,0,0,0,0,0,0,0,0,0,0,1264
"418",580,173,111,89,86,0,0,22,44,0,19,8,0,15,16,16,0,13,0,10,7,0,0,0,0,3,0,6,0,3,0,6,0,5,4,0,0,0,0,0,0,0,0,0,0,0,0,0,0,0,8,0,0,0,0,0,0,0,0,0,0,0,0,0,0,0,0,0,0,0,0,0,0,0,0,0,0,0,0,0,0,0,0,0,0,0,0,0,0,0,0,0,0,0,0,0,0,0,0,0,0,0,0,0,0,0,0,0,0,0,0,0,0,0,0,0,0,0,1256
"425",373,178,254,90,49,22,0,28,0,0,16,18,38,17,20,23,11,0,3,12,9,0,0,29,13,1,25,0,0,33,0,3,0,3,0,0,0,0,0,0,0,0,0,0,0,0,0,0,0,0,0,0,0,0,0,0,0,0,0,0,0,0,0,0,0,0,0,0,0,0,0,0,0,0,0,0,0,0,0,0,0,0,0,0,0,0,0,3,0,2,0,0,0,0,0,0,0,0,0,0,0,0,0,0,0,0,0,0,0,0,0,0,0,0,0,0,0,0,1227
"427",469,248,94,81,52,0,0,13,0,0,0,11,119,0,13,0,0,16,0,0,4,0,0,50,0,8,36,0,0,39,0,0,0,1,0,0,0,0,0,0,0,0,0,0,0,0,0,0,0,0,0,0,0,0,0,0,0,0,0,0,0,0,0,0,0,0,0,0,0,0,0,0,0,0,0,0,0,0,0,0,0,0,0,0,0,0,0,0,0,0,0,0,0,0,0,0,0,0,0,0,0,0,0,0,0,0,0,0,0,0,0,0,0,0,0,0,0,0,1246
"453",454,170,187,86,62,0,0,31,0,0,9,23,75,0,12,20,0,0,0,10,6,0,0,36,11,2,47,0,0,28,0,8,0,4,0,0,0,0,0,0,0,0,0,0,0,0,0,0,0,0,0,0,0,0,0,0,0,0,0,0,0,0,0,0,0,0,0,0,0,0,0,0,0,0,0,0,0,0,0,0,0,0,0,0,0,0,0,0,0,0,0,0,0,0,0,0,0,0,0,0,0,0,0,0,0,0,0,0,0,0,0,0,0,0,0,0,0,0,1219
"455",492,151,147,85,59,0,0,29,0,0,11,9,72,7,9,15,0,11,0,2,4,0,4,48,1,3,54,0,0,32,0,9,0,0,0,0,0,0,0,0,0,0,0,0,0,0,0,0,0,0,0,0,0,0,0,0,0,0,0,0,0,0,0,0,0,0,0,0,0,0,0,0,0,0,0,0,0,0,0,0,0,0,0,0,0,0,0,0,0,0,0,0,0,0,0,0,0,0,0,0,0,0,0,0,0,0,0,0,0,0,0,0,0,0,0,0,0,0,1246
"51",682,99,83,135,33,0,0,37,0,38,23,8,0,26,0,0,0,9,0,9,1,25,14,0,0,4,0,0,22,0,0,0,0,3,0,0,0,0,0,0,0,0,0,8,0,0,0,0,11,0,0,0,0,0,0,0,0,0,0,0,0,0,0,0,0,1,0,0,0,0,0,0,0,0,0,0,0,0,0,0,0,0,0,0,0,0,0,0,0,0,0,0,0,0,0,0,0,0,0,0,0,0,0,0,0,0,0,0,0,0,0,0,0,0,0,0,0,0,1229
"511",753,138,68,46,66,0,0,17,61,0,19,12,0,8,5,7,0,14,0,8,1,0,8,0,0,7,0,9,0,0,0,5,0,0,4,0,6,0,3,4,0,0,0,0,0,0,4,0,0,0,0,0,0,0,0,0,0,0,0,0,0,0,0,0,0,0,0,0,0,0,0,0,0,0,0,0,0,0,0,0,0,0,0,0,0,0,1,0,0,0,0,0,0,0,0,0,0,0,0,0,0,0,0,0,0,0,0,0,0,0,0,0,0,0,0,0,0,0,1226
"516",383,121,255,45,0,334,0,15,0,0,7,5,0,6,7,7,0,0,0,0,5,0,0,0,3,2,0,0,0,0,0,0,0,2,0,10,0,0,0,14,0,0,0,0,0,13,0,0,0,0,0,0,0,0,0,0,0,4,3,0,0,0,0,0,0,0,0,0,0,9,0,0,0,0,0,0,0,0,0,0,0,0,0,0,0,0,0,0,0,0,0,0,0,0,0,0,0,0,0,0,0,0,0,0,0,0,0,0,0,0,0,0,0,0,0,0,0,0,1250
"517",393,144,203,117,57,0,0,49,0,0,13,8,57,14,21,22,0,0,0,0,12,0,20,41,9,11,19,0,0,14,0,0,0,6,0,0,0,0,0,0,0,0,0,0,0,0,0,0,0,0,0,0,0,0,0,0,0,0,0,0,0,0,0,0,0,0,0,0,0,0,0,0,0,0,5,6,0,0,0,0,0,0,3,0,0,0,0,0,0,0,0,0,0,0,0,0,0,0,0,0,0,0,0,0,0,0,0,0,0,0,0,0,0,0,0,0,0,0,1256
"525",327,190,164,34,0,472,4,15,0,0,0,19,0,0,0,0,0,0,0,0,2,0,0,0,8,10,0,0,0,0,0,5,0,5,0,0,0,0,0,19,0,0,0,0,0,0,0,0,0,0,0,0,0,0,0,0,0,0,0,0,0,0,0,0,0,0,0,0,0,0,0,0,0,0,0,0,0,0,0,0,0,0,0,0,0,0,0,0,0,0,0,0,0,0,0,0,0,0,0,0,0,0,0,0,0,0,0,0,0,0,0,0,0,0,0,0,0,0,1226
"526",366,126,462,91,0,0,0,0,0,0,0,3,0,0,0,29,0,12,0,3,16,0,0,0,0,5,0,0,0,0,0,10,0,0,7,21,0,0,8,0,0,0,0,0,0,25,0,0,0,0,9,0,0,0,0,0,0,6,0,0,0,0,0,18,0,0,0,13,0,0,0,0,0,0,0,0,6,4,0,0,0,0,0,3,0,0,0,0,0,0,0,0,0,0,0,0,0,0,0,0,0,0,0,0,0,0,0,0,0,0,0,0,0,0,0,0,0,0,1257
"527",152,76,79,61,21,0,754,0,0,0,0,0,0,0,0,0,0,0,0,0,3,0,0,19,0,0,0,0,0,13,0,0,0,0,0,0,0,47,0,0,0,0,0,0,0,0,0,0,0,0,0,0,0,0,0,0,0,0,0,0,0,0,14,0,0,0,0,0,0,0,0,0,0,0,0,0,0,0,0,0,0,0,0,0,0,0,0,0,0,0,0,0,0,0,0,0,0,0,0,0,0,0,0,0,0,0,0,0,0,0,0,0,0,0,0,0,0,0,1261
"533",332,130,226,47,0,368,96,20,0,0,0,10,0,9,12,12,0,0,0,0,5,0,0,0,8,0,0,0,0,0,0,0,0,3,0,0,0,0,0,0,0,0,0,0,0,0,0,0,0,0,0,0,0,0,0,0,0,0,8,0,0,0,0,0,0,0,0,0,0,0,0,0,0,0,0,0,0,0,0,0,0,0,0,0,0,0,0,0,0,0,0,0,0,0,0,0,0,0,0,0,0,0,0,0,0,0,0,0,0,0,0,0,0,0,0,0,0,0,1214
"539",326,103,72,83,37,0,523,0,0,0,0,6,0,0,0,0,0,0,0,0,3,0,0,25,0,4,0,0,0,28,0,0,0,0,0,0,0,39,0,0,0,0,0,0,0,0,0,0,0,0,0,0,0,0,0,0,0,0,0,0,0,0,16,0,0,0,0,0,0,0,0,0,0,0,0,0,0,0,0,0,0,0,0,0,0,0,0,0,0,0,0,0,0,0,0,0,0,0,0,0,0,0,0,0,0,0,0,0,0,0,0,0,0,0,0,0,0,0,1235
"540",786,112,90,83,82,0,31,0,73,0,0,8,0,0,0,0,0,0,0,0,3,0,0,0,0,0,0,0,0,0,0,0,0,0,0,0,0,0,0,0,0,0,0,0,0,0,0,0,0,0,0,0,0,0,0,0,0,0,0,0,0,0,0,0,0,0,0,0,0,0,0,0,0,0,0,0,0,0,0,0,0,0,0,0,0,0,3,0,0,0,0,0,0,0,0,0,0,0,0,0,0,0,0,0,0,0,0,0,0,0,0,0,0,0,0,0,0,0,1229
"545",348,200,299,50,0,245,0,15,0,0,0,12,0,10,0,17,0,0,0,0,4,0,0,0,16,9,0,0,0,0,0,0,0,7,0,0,0,0,0,0,0,0,0,0,0,0,0,0,0,0,0,0,0,0,0,0,0,0,0,0,0,0,0,0,0,0,0,0,0,0,0,0,0,0,0,0,0,0,0,0,0,0,0,0,0,0,0,0,0,0,0,0,0,0,0,0,0,0,0,0,0,0,0,0,0,0,0,0,0,0,0,0,0,0,0,0,0,0,1268
"55",679,142,65,89,46,0,0,25,0,30,18,9,0,9,0,0,0,13,0,11,4,25,16,0,0,3,0,0,11,0,0,0,0,2,0,0,0,0,7,0,0,0,0,10,0,0,0,5,0,10,0,11,0,0,0,0,0,0,0,0,0,0,0,0,0,0,0,0,0,0,0,0,4,0,0,0,0,0,0,0,0,0,0,0,0,2,0,0,0,0,0,0,0,0,0,0,0,0,0,0,0,0,0,0,0,0,0,0,0,0,0,0,0,0,0,0,0,0,1254
"600",661,103,67,142,54,0,1,32,0,29,20,9,0,7,5,9,0,11,0,18,4,20,17,0,0,4,0,0,11,0,0,0,0,4,0,0,3,0,0,0,0,0,10,4,0,0,0,0,9,4,6,11,0,0,0,0,0,0,0,0,0,0,0,0,0,0,0,0,0,0,0,0,0,0,0,0,0,0,0,0,0,0,0,0,0,0,0,0,0,0,0,0,0,0,0,0,0,0,0,0,0,0,0,0,0,0,0,0,0,0,0,0,0,0,0,0,0,0,1225
"604",343,199,163,57,0,68,0,10,0,0,0,15,0,0,0,0,154,0,124,0,4,0,0,0,15,0,0,0,0,0,42,0,0,0,0,0,0,0,0,0,0,16,0,0,19,0,0,0,0,0,0,0,0,0,0,0,0,0,0,0,0,0,0,0,0,0,0,0,0,0,0,0,0,0,0,0,0,0,0,0,0,0,0,0,0,0,0,0,0,0,0,0,0,0,0,0,0,0,0,0,0,0,0,0,0,0,0,0,0,0,0,0,0,0,0,0,0,0,1271
"607",659,131,90,93,62,0,0,23,40,16,8,9,0,16,6,13,0,10,0,9,7,0,10,0,0,4,0,16,2,0,0,0,0,4,0,0,0,0,0,0,0,0,0,0,0,0,0,0,0,0,0,0,0,0,0,0,0,0,0,0,0,0,0,0,0,0,0,0,0,0,0,0,0,0,0,0,0,0,0,0,0,0,0,0,0,0,0,0,0,0,0,0,0,0,0,0,0,0,0,0,0,0,0,0,0,0,0,0,0,0,0,0,0,0,0,0,0,0,1272
"608",506,113,260,51,0,20,0,16,0,0,10,16,0,11,16,11,46,10,50,7,12,0,10,0,0,5,0,0,0,0,25,4,0,2,13,15,8,0,0,0,0,0,0,0,6,0,0,0,0,0,0,0,0,0,11,0,10,0,0,0,0,0,0,0,0,0,0,0,0,0,0,0,0,0,0,0,0,0,0,0,0,0,0,0,0,0,0,0,0,0,0,0,0,0,0,0,0,0,0,0,0,0,0,0,0,0,0,0,0,0,0,0,0,0,0,0,0,0,1236
"609",620,140,118,59,58,0,0,13,75,0,8,9,0,6,14,9,0,10,0,7,4,0,0,0,0,5,0,28,0,0,0,0,0,3,7,4,6,0,0,8,0,0,0,0,0,0,6,3,0,0,0,0,0,0,0,7,0,0,0,0,0,0,0,0,0,0,0,0,0,0,0,0,0,0,0,0,0,0,0,0,0,0,0,0,0,0,0,0,0,0,0,0,0,0,0,0,0,0,0,0,0,0,0,0,0,0,0,0,0,0,0,1,0,0,0,0,0,0,1272
"612",700,141,108,66,55,0,0,14,69,0,9,12,0,0,7,0,25,25,10,0,6,0,0,0,0,3,0,20,0,0,0,0,0,0,7,0,7,0,0,0,0,0,0,0,5,0,0,0,0,0,0,0,0,0,0,0,0,0,0,0,0,0,0,0,0,0,0,0,0,0,0,0,0,0,0,0,0,0,0,0,0,0,0,0,0,3,0,0,0,0,0,0,0,0,0,0,0,0,0,0,0,0,0,0,0,0,0,0,0,0,0,0,0,0,0,0,0,0,1208
"614",593,133,135,104,54,0,0,37,7,34,26,4,0,14,10,14,0,5,0,7,12,0,7,0,1,0,0,0,0,0,0,0,0,0,0,8,0,0,0,15,0,0,0,0,0,0,9,0,0,0,0,0,0,0,0,0,0,0,0,0,0,0,0,0,0,0,6,0,0,0,0,0,0,0,0,0,0,0,0,0,0,0,0,0,0,0,0,0,1,0,0,0,0,0,0,0,0,0,0,0,0,0,0,0,0,0,0,0,0,0,0,0,0,0,0,0,0,0,1264
"616",390,159,205,131,0,0,0,51,0,0,21,21,0,25,33,34,0,17,0,15,9,0,17,0,0,17,0,0,0,0,0,6,0,3,5,0,18,0,8,0,0,0,5,0,0,0,0,8,0,0,0,0,0,26,12,0,0,0,0,0,0,0,0,0,4,0,0,0,5,0,0,0,0,0,0,0,0,0,0,0,0,0,0,0,0,0,0,0,0,0,0,0,0,0,0,0,0,0,0,0,0,0,0,0,0,0,0,0,0,0,0,0,0,0,0,0,0,0,1255
"617",688,140,114,70,68,0,0,0,82,0,0,22,0,0,21,15,0,0,0,0,4,0,0,0,7,0,0,23,0,0,0,4,0,0,0,0,0,0,0,0,0,0,0,0,0,0,0,0,0,0,0,0,0,0,0,0,0,0,0,0,0,0,0,0,0,1,0,0,0,0,0,0,0,0,0,0,0,0,0,0,0,0,0,0,0,0,0,0,0,0,0,0,0,0,0,0,0,0,0,0,0,0,0,0,0,0,0,0,0,0,0,0,0,0,0,0,0,0,1241
"618",205,169,169,53,0,49,0,10,0,0,12,6,0,0,8,10,169,13,159,0,2,0,0,0,0,5,0,0,0,0,90,9,0,0,0,0,0,0,8,0,0,49,0,0,14,0,0,0,0,0,0,0,27,0,0,0,0,0,4,0,0,18,0,0,0,0,0,0,0,0,0,0,0,0,0,0,0,0,0,0,0,0,0,0,0,0,0,0,0,0,0,0,0,0,0,0,0,0,0,0,0,0,0,0,0,0,0,0,0,0,0,0,0,0,0,0,0,0,1242
"619",664,154,122,100,79,0,0,0,62,0,0,9,0,0,21,0,0,0,0,0,5,0,0,0,16,0,0,21,0,0,0,0,0,3,0,0,0,0,0,0,0,0,0,0,0,0,0,0,0,0,0,0,0,0,0,0,0,0,0,0,0,0,0,0,0,0,0,0,0,0,0,0,0,0,0,0,0,0,0,0,0,0,0,0,0,0,0,0,0,0,0,0,0,0,0,0,0,0,0,0,0,0,0,0,0,0,0,0,0,0,0,0,0,0,0,0,0,0,1244
"62",692,144,61,127,78,0,0,31,0,50,25,0,0,13,0,0,0,0,0,8,5,0,0,0,0,7,0,0,17,0,0,0,0,0,0,0,0,0,0,0,0,0,0,0,0,0,0,0,0,0,0,0,0,0,0,0,0,0,0,0,0,0,0,0,0,3,0,0,0,0,0,0,0,0,0,0,0,0,0,0,0,0,0,0,0,0,0,0,0,0,0,0,0,0,0,0,0,0,0,0,0,0,0,0,0,0,0,0,0,0,0,0,0,0,0,0,0,0,1239
"626",633,128,90,136,37,0,0,28,0,27,24,6,0,18,0,0,20,0,14,8,4,28,0,0,8,6,0,0,7,0,0,3,0,4,0,0,0,0,0,0,0,0,0,0,5,0,0,0,0,0,0,0,0,0,0,0,0,0,0,0,0,0,0,0,0,0,0,0,0,0,0,0,0,0,0,0,0,0,0,0,0,0,0,0,0,0,0,0,0,0,0,0,0,0,0,0,0,0,0,0,0,0,0,0,0,0,0,0,0,0,0,0,0,0,0,0,0,0,1266
"627",703,56,80,122,58,0,0,42,0,49,19,8,0,11,7,0,0,0,0,4,3,14,13,0,6,0,0,0,11,0,0,0,0,1,0,0,0,0,0,0,0,0,10,13,0,0,0,0,0,0,0,10,0,0,0,0,0,0,0,0,0,0,0,0,0,0,0,0,0,0,0,0,0,0,0,0,0,0,0,0,0,0,0,0,0,0,0,0,0,0,0,0,0,0,0,0,0,0,0,0,0,0,0,0,0,0,0,0,0,0,0,0,0,0,0,0,0,0,1260
"63",625,129,73,156,45,0,0,45,0,32,22,5,0,31,0,0,0,0,0,8,5,32,10,0,18,0,0,0,11,0,0,0,0,3,0,0,0,0,0,0,0,0,0,0,0,0,0,0,0,0,0,0,0,0,0,0,0,0,0,0,0,0,0,0,0,0,0,0,0,0,0,0,0,0,0,0,0,0,0,0,0,0,0,0,0,0,0,0,0,0,0,0,0,0,0,0,0,0,0,0,0,0,0,0,0,0,0,0,0,0,0,0,0,0,0,0,0,0,1250
"630",702,104,102,131,50,0,0,28,0,35,26,9,0,20,0,0,0,0,0,15,3,0,7,0,4,0,0,0,6,0,0,11,0,3,0,0,0,0,0,0,0,0,0,0,0,0,0,0,0,0,0,0,0,0,0,0,0,0,0,0,0,0,0,0,0,0,0,0,0,0,0,0,0,0,0,0,0,0,0,0,0,0,0,0,0,0,0,0,0,0,0,0,0,0,0,0,0,0,0,0,0,0,0,0,0,0,0,0,0,0,0,0,0,0,0,0,0,0,1244
"632",537,164,249,72,0,0,0,26,0,0,18,20,0,14,23,24,0,19,0,0,9,0,9,0,0,9,0,0,0,0,0,12,0,7,0,0,12,0,0,10,0,0,0,0,0,0,0,0,0,0,0,0,0,0,0,0,0,0,0,0,0,0,0,0,0,0,0,0,0,0,0,0,0,0,0,0,0,0,0,0,0,0,0,0,0,0,0,0,0,0,0,0,0,0,0,0,0,0,0,0,0,0,0,0,0,0,0,0,0,0,0,0,0,0,0,0,0,0,1266
"633",721,162,85,145,49,0,0,36,0,37,0,11,0,21,0,0,0,0,0,0,2,0,0,0,16,0,0,0,15,0,0,0,0,0,0,0,0,0,0,0,0,0,0,0,0,0,0,0,0,0,0,0,0,0,0,0,0,0,0,0,0,0,0,0,0,0,0,0,0,0,0,0,0,0,0,0,0,0,0,0,0,0,0,0,0,0,0,0,0,0,0,0,0,0,0,0,0,0,0,0,0,0,0,0,0,0,0,0,0,0,0,0,0,0,0,0,0,0,1200
"65",618,148,61,168,50,0,0,41,0,35,23,13,0,18,0,0,0,0,0,14,7,0,0,0,8,0,0,0,13,0,0,6,0,0,0,0,0,0,0,0,0,0,0,0,0,0,0,0,0,0,0,0,0,0,0,0,0,0,0,0,0,0,0,0,0,1,0,0,0,0,0,0,0,0,0,0,0,0,0,0,0,0,0,0,0,0,0,0,0,0,0,0,0,0,0,0,0,0,0,0,0,0,0,0,0,0,0,0,0,0,0,0,0,0,0,0,0,0,1276
"70",432,279,115,129,82,0,1,19,0,0,15,23,0,0,10,9,0,19,0,0,6,0,0,0,0,9,0,0,0,0,0,12,0,3,0,0,0,0,0,0,0,0,0,0,0,0,15,10,0,14,0,0,0,0,0,13,0,0,0,0,30,0,0,0,0,0,0,0,0,0,0,0,0,0,0,0,0,0,0,0,0,0,0,0,0,0,0,0,0,0,0,0,0,0,0,0,0,0,0,0,0,0,0,0,0,0,0,0,0,0,0,0,0,0,0,0,0,0,1255
"73",610,121,103,89,65,0,0,28,69,0,15,13,0,14,14,8,0,4,0,5,7,0,16,0,0,8,0,15,0,0,0,0,0,1,0,0,0,0,0,0,0,0,0,0,0,0,2,0,0,9,5,0,0,0,0,4,9,0,0,0,0,0,0,0,0,0,0,0,0,0,0,0,0,0,0,0,0,0,0,0,0,0,0,0,0,0,0,0,0,0,0,0,0,0,0,0,0,0,0,0,0,0,0,0,0,0,0,0,0,0,0,0,0,0,0,0,0,0,1266
"89",668,181,51,174,67,0,9,39,0,43,23,11,0,0,0,0,0,0,0,0,1,20,0,0,0,0,0,0,4,0,0,0,0,0,0,0,0,0,0,0,0,0,0,0,0,0,0,0,0,0,0,0,0,0,0,0,0,0,0,0,0,0,0,0,0,0,0,0,0,0,0,0,0,0,0,0,0,0,0,0,0,0,0,0,0,0,0,0,0,0,0,0,0,0,0,0,0,0,0,0,0,0,0,0,0,0,0,0,0,0,0,0,0,0,0,0,0,0,1209
"96",694,134,51,120,63,0,0,29,0,62,22,9,0,8,0,0,0,0,0,12,2,27,0,0,8,0,0,0,5,0,0,0,0,0,0,0,0,0,0,0,0,0,0,0,0,0,0,0,0,0,0,0,0,0,0,0,0,0,0,0,0,0,0,0,0,0,0,0,0,0,0,0,0,0,0,0,0,0,0,0,0,0,0,0,0,0,0,0,0,0,0,0,0,0,0,0,0,0,0,0,0,0,0,0,0,0,0,0,0,0,0,0,0,0,0,0,0,0,1254
"97",750,91,54,129,65,0,0,24,0,59,14,0,0,14,0,0,0,0,0,0,2,0,0,0,0,0,0,0,10,0,0,7,0,0,0,0,0,0,0,0,0,0,0,0,0,0,0,0,0,0,0,0,0,0,0,0,0,0,0,0,0,0,0,0,0,0,0,0,0,0,0,0,0,0,0,0,0,0,0,0,0,0,0,0,0,0,0,0,0,0,0,0,0,0,0,0,0,0,0,0,0,0,0,0,0,0,0,0,0,0,0,0,0,0,0,0,0,0,1281
